policy,scenario,seed,n_steps,urllc_rtt_p50_ms,urllc_rtt_p95_ms,urllc_rtt_p99_ms,sla_violation_rate,embb_goodput_mbps,be_goodput_mbps,total_drops,guardrail_intervention_rate,decision_latency_mean_ms,decision_latency_p99_ms,mean_reward,link_util_mean,run_id
epsilon_greedy,adversarial,0,270,2.5926581220482627,10.436825263073063,13.341687795496112,0.05925925925925926,4.668722494032099,3.182646852609727,103385,0.23703703703703705,0.06473925925947523,0.15664400000673595,0.13094041740904908,0.9591727016458842,epsilon_greedy_adversarial_0
epsilon_greedy,adversarial,1,270,2.75244145675724,10.976291525701162,13.298252358868007,0.05925925925925926,4.742949795007038,3.10704964476808,104699,0.23703703703703705,0.06281111111126876,0.17431500002089706,0.12995093068420308,0.9580040375889087,epsilon_greedy_adversarial_1
epsilon_greedy,adversarial,2,270,2.7575206849008254,10.666473218626207,13.287821574695615,0.05925925925925926,4.761109636972161,3.109029275561243,100652,0.23703703703703705,0.06023814814684382,0.11448099997949156,0.14525079329590487,0.96005594724092,epsilon_greedy_adversarial_2
epsilon_greedy,adversarial,3,270,2.1595444736186353,7.588257580100272,13.047073373380709,0.05925925925925926,4.44188983539171,3.235859941153227,108266,0.2222222222222222,0.05882037036839287,0.13857900000687096,0.10433229812592404,0.9416503380783333,epsilon_greedy_adversarial_3
epsilon_greedy,adversarial,4,270,2.3154170819599056,9.223154335378242,10.922447728765507,0.05925925925925926,4.45616460721115,3.2817581345338134,110122,0.23703703703703705,0.058081851862981294,0.11576499998909644,0.10485182404536493,0.9485324766263762,epsilon_greedy_adversarial_4
epsilon_greedy,adversarial,5,270,2.774690094101077,7.299460299841187,13.193641640507115,0.05555555555555555,4.729115607219194,3.139932182500069,106490,0.23333333333333334,0.06529629629691645,0.18087500001570334,0.14676491048872978,0.9612153844865408,epsilon_greedy_adversarial_5
epsilon_greedy,adversarial,6,270,2.417500280474047,8.67076082509117,11.523151762895354,0.05925925925925926,4.572436706299022,3.2786013777130525,105322,0.24074074074074073,0.06178148148339657,0.12766500000111589,0.1407163627878493,0.9589990616001361,epsilon_greedy_adversarial_6
epsilon_greedy,adversarial,7,270,2.736446610013202,10.774062242536301,13.438763577739214,0.05925925925925926,4.746331528034707,3.077716888940816,104198,0.23703703703703705,0.06073888888859405,0.10509099999694621,0.1304151171079556,0.9569041474543054,epsilon_greedy_adversarial_7
epsilon_greedy,adversarial,8,270,2.0,7.09043916009188,11.836059822180488,0.05555555555555555,4.193074082096008,3.370591801699794,109890,0.2222222222222222,0.059618888888137496,0.12090600000874473,0.11641683514075657,0.9305783401577273,epsilon_greedy_adversarial_8
epsilon_greedy,adversarial,9,270,2.1773594990609872,8.236457108999339,11.708018470963449,0.05925925925925926,4.4695635190528105,3.240080269288055,105819,0.23703703703703705,0.06172851851863045,0.13635700000065765,0.12972672657664128,0.9451500190847832,epsilon_greedy_adversarial_9
epsilon_greedy,burst,0,270,2.0,5.302281813140842,8.690320353194046,0.025925925925925925,2.757321942812752,3.552468155508912,86049,0.2740740740740741,0.06065814814804137,0.1543599999953927,0.11277227233774889,0.9301812437442138,epsilon_greedy_burst_0
epsilon_greedy,burst,1,270,2.0,5.347523444071471,6.7109037014292205,0.007407407407407408,2.8710421415314555,3.56385241875333,84102,0.45555555555555555,0.06424259259903109,0.22632499997371305,0.17404245113987596,0.9434790031401419,epsilon_greedy_burst_1
epsilon_greedy,burst,2,270,2.0,3.417798754598306,4.127748700929027,0.007407407407407408,2.633718634086214,3.7331983659859427,82739,0.03333333333333333,0.06038481481481081,0.12491599999985947,0.17216007117078683,0.9371047620893311,epsilon_greedy_burst_2
epsilon_greedy,burst,3,270,2.0,5.298560077864003,7.453305314906605,0.014814814814814815,2.8427311121322454,3.5567931883625175,84581,0.07037037037037037,0.05895962962971374,0.16030099999973402,0.15650098179925873,0.9398413273273301,epsilon_greedy_burst_3
epsilon_greedy,burst,4,270,2.0,3.4590927909672913,5.805451715549678,0.007407407407407408,2.637010813051879,3.7475758663994454,85836,0.025925925925925925,0.05913481481448559,0.12177399997085567,0.16358212981414205,0.9390411877393953,epsilon_greedy_burst_4
epsilon_greedy,burst,5,270,2.0,5.464461565134544,7.214319294090113,0.025925925925925925,2.761791318829945,3.5571771510778736,87108,0.42592592592592593,0.06017555555849357,0.15859700007467842,0.11329515184011611,0.9323192337690124,epsilon_greedy_burst_5
epsilon_greedy,burst,6,270,2.0,5.420322522889712,7.416758185999873,0.022222222222222223,2.7668307797671026,3.653278708132217,90386,0.1814814814814815,0.05801703703719829,0.09985500000162513,0.11805548165292634,0.9415644911779181,epsilon_greedy_burst_6
epsilon_greedy,burst,7,270,2.1493337108780146,5.37104260126973,6.879459784888099,0.007407407407407408,2.8660128692131126,3.5606520776761026,83597,0.4740740740740741,0.06693592592468015,0.1343350000055921,0.17352429677090586,0.9424407527526497,epsilon_greedy_burst_7
epsilon_greedy,burst,8,270,2.0,5.301408975513432,5.891536705235842,0.007407407407407408,2.833137935932289,3.6079319178400806,82602,0.02962962962962963,0.05864703703671823,0.11273700004153397,0.1805603161216831,0.9444480871704275,epsilon_greedy_burst_8
epsilon_greedy,burst,9,270,2.0,5.297463210263979,6.760917208274797,0.007407407407407408,2.884725089159659,3.4812321692647035,82958,0.07037037037037037,0.06060074074664747,0.1078879999431592,0.17584696647378606,0.9363927236637809,epsilon_greedy_burst_9
epsilon_greedy,ramp,0,270,3.4267877125510884,5.399061400704871,5.752924460785177,0.0,3.4020358158750237,3.3014370293996333,42278,0.35185185185185186,0.06537518518525352,0.10939299999940029,0.33690754303529563,0.9212244450589359,epsilon_greedy_ramp_0
epsilon_greedy,ramp,1,270,2.8537102298031813,4.212183162355221,5.519435153130981,0.0,3.390685588581288,3.309484590682488,43043,0.018518518518518517,0.06202962962923398,0.19562799998084301,0.34072563074294676,0.9195540307892572,epsilon_greedy_ramp_1
epsilon_greedy,ramp,2,270,2.0,2.5779179070401117,2.65394262166936,0.0,2.9028901332821455,3.4527116922677283,51422,0.0,0.053391111107346075,0.10169199985966772,0.2795992529851352,0.886312779156183,epsilon_greedy_ramp_2
epsilon_greedy,ramp,3,270,2.929726208179337,4.189765706970934,5.481623945601049,0.0,3.388715197898619,3.3459204905973734,42866,0.014814814814814815,0.061363703703473514,0.15298099994538464,0.3421488496960542,0.923063792821265,epsilon_greedy_ramp_3
epsilon_greedy,ramp,4,270,2.0,2.5588536737858316,2.754028724136852,0.003703703703703704,2.885553103252411,3.5364839238091563,51893,0.014814814814814815,0.05180185185212036,0.10912599999997491,0.26988996546964883,0.8927303071865679,epsilon_greedy_ramp_4
epsilon_greedy,ramp,5,270,2.912261414277219,4.180818844472102,4.255258751098375,0.0,3.3581149683959395,3.372670778946317,42738,0.003703703703703704,0.060740740738967514,0.10369799997533849,0.34073458745705304,0.9223256335187517,epsilon_greedy_ramp_5
epsilon_greedy,ramp,6,270,2.0,5.632786166157452,5.801515751012746,0.0,3.2388809746992613,3.3526419170415656,45286,0.31851851851851853,0.06438777777517583,0.10444800003028831,0.29575458487018746,0.9085632129375374,epsilon_greedy_ramp_6
epsilon_greedy,ramp,7,270,2.0,2.5185637405349732,2.6110739743300333,0.0,2.9099943382877456,3.4204206833085244,50361,0.0,0.05624592592699556,0.1053169999579495,0.28169872099469684,0.8828225745498118,epsilon_greedy_ramp_7
epsilon_greedy,ramp,8,270,2.858314527365521,4.184072336710382,4.285603209241847,0.0,3.358422624971319,3.3692131535734733,42809,0.0,0.061654814814881234,0.10924299997782323,0.34178754599322503,0.9223644410235812,epsilon_greedy_ramp_8
epsilon_greedy,ramp,9,270,2.0,5.6715548585058375,5.830207803860548,0.0,3.2233427058956403,3.3621587050208093,44959,0.32222222222222224,0.06509925925220829,0.14321899994683934,0.2930974820773614,0.9091074760394487,epsilon_greedy_ramp_9
epsilon_greedy,sawtooth,0,270,2.0,5.404328003408846,8.432045002104962,0.018518518518518517,3.523310868722409,3.3615290528832387,30043,0.3851851851851852,0.0646848148141577,0.13747499996497936,0.327037246604958,0.9107468479137066,epsilon_greedy_sawtooth_0
epsilon_greedy,sawtooth,1,270,2.0,5.34461409941738,6.073925612179615,0.011111111111111112,3.417605405903353,3.4350445630437743,32798,0.07037037037037037,0.05235518518155135,0.08986300002675307,0.33713151096757327,0.9075075374574316,epsilon_greedy_sawtooth_1
epsilon_greedy,sawtooth,2,270,2.0,5.281133429860837,5.752329764008459,0.007407407407407408,3.46082047619133,3.418641695193384,29004,0.0962962962962963,0.057797777778718924,0.13231600000267457,0.35920016513763714,0.9106866067853567,epsilon_greedy_sawtooth_2
epsilon_greedy,sawtooth,3,270,2.0,5.459623919931005,8.679199073448872,0.025925925925925925,3.5112751622266294,3.3471277863019377,31423,0.3074074074074074,0.060441851851855646,0.13372600000078447,0.305116556466737,0.9081498304181097,epsilon_greedy_sawtooth_3
epsilon_greedy,sawtooth,4,270,2.167597546562938,5.454075437845794,6.693915582581475,0.003703703703703704,3.5420991845126095,3.279884001061036,27378,0.3111111111111111,0.0636348148073348,0.10634600005573701,0.36943415530863244,0.904743207242574,epsilon_greedy_sawtooth_4
epsilon_greedy,sawtooth,5,270,2.0,5.184808853736078,5.43906296214861,0.0,3.50950735267153,3.378973340445378,27582,0.014814814814814815,0.058446296296157996,0.11999300000084645,0.38535924841590896,0.9108132587402148,epsilon_greedy_sawtooth_5
epsilon_greedy,sawtooth,6,270,2.0,5.390520675138765,7.950166419087222,0.014814814814814815,3.516030369556608,3.351657684693082,28510,0.2111111111111111,0.05735481480794781,0.10188500002072938,0.3410663994450434,0.9086500921684604,epsilon_greedy_sawtooth_6
epsilon_greedy,sawtooth,7,270,2.0,5.270247930038279,8.321133927579828,0.014814814814814815,3.5408460982383243,3.368224415506577,28576,0.1962962962962963,0.06190666666430772,0.12353700001312973,0.3456794790458333,0.9129520623145638,epsilon_greedy_sawtooth_7
epsilon_greedy,sawtooth,8,270,2.0,5.4538828345257375,8.608365014379764,0.025925925925925925,3.529664004433261,3.343550756983292,29405,0.36666666666666664,0.06053777777626435,0.11581999998043097,0.3099939179599602,0.9098284183210997,epsilon_greedy_sawtooth_8
epsilon_greedy,sawtooth,9,270,2.0,6.786054433307388,7.202905839608854,0.025925925925925925,3.4331363476562844,3.360398541878303,31755,0.24074074074074073,0.06271259259254634,0.10590800000329634,0.2801562983773846,0.9017083535440524,epsilon_greedy_sawtooth_9
epsilon_greedy_pretrained,adversarial,0,270,2.753576617493171,12.047561968382213,14.576554184327671,0.05925925925925926,4.742620110279637,3.1146255485062726,103252,0.23703703703703705,0.059514074075650514,0.0979599999976699,0.1206722745440963,0.9597603328602923,epsilon_greedy_pretrained_adversarial_0
epsilon_greedy_pretrained,adversarial,1,270,2.75244145675724,11.896907284549325,13.298252358868007,0.05925925925925926,4.752143920591226,3.1037851833545,104565,0.23703703703703705,0.06298148148163006,0.10722299999741837,0.1255814740857858,0.9585970040059694,epsilon_greedy_pretrained_adversarial_1
epsilon_greedy_pretrained,adversarial,2,270,2.7575206849008254,11.250761137240767,13.287821574695615,0.05925925925925926,4.764521514583578,3.105711277359183,100649,0.23703703703703705,0.06684777778071255,0.21721200000001767,0.140162486434769,0.9600653351818554,epsilon_greedy_pretrained_adversarial_2
epsilon_greedy_pretrained,adversarial,3,270,2.7593852443725897,11.97547011881935,13.623351441003047,0.05925925925925926,4.801088422133626,3.0476996772825906,104418,0.22962962962962963,0.06724925925846455,0.31420999999596705,0.11154786676957772,0.9587541703654611,epsilon_greedy_pretrained_adversarial_3
epsilon_greedy_pretrained,adversarial,4,270,2.752101558580423,11.51740076359869,13.519064191557513,0.05925925925925926,4.755745992101385,3.076421812273551,108001,0.23703703703703705,0.06291222221985085,0.12823999998431646,0.10552378393736976,0.9579568596498407,epsilon_greedy_pretrained_adversarial_4
epsilon_greedy_pretrained,adversarial,5,270,2.812211891518485,9.02622428875949,13.33056483851147,0.05185185185185185,4.802241211038711,3.136828038454725,104915,0.22962962962962963,0.062355185185330765,0.2139809999993503,0.15747029208564164,0.9682175304639583,epsilon_greedy_pretrained_adversarial_5
epsilon_greedy_pretrained,adversarial,6,270,2.7710032861021814,11.166824150037801,13.344578027104548,0.05555555555555555,4.787159455284214,3.1166879332792625,104095,0.22962962962962963,0.056725925926288945,0.09655700005964717,0.13430153431019318,0.9642797268756693,epsilon_greedy_pretrained_adversarial_6
epsilon_greedy_pretrained,adversarial,7,270,2.736446610013202,11.696551385782085,13.438763577739214,0.05925925925925926,4.757741574081301,3.0745427603127986,104013,0.23703703703703705,0.06634851852730338,0.13242399996670426,0.1262254642586954,0.9577277391961628,epsilon_greedy_pretrained_adversarial_7
epsilon_greedy_pretrained,adversarial,8,270,2.7616389062759827,11.60854421730031,13.839596452488868,0.05925925925925926,4.734242009250433,3.102071284145923,103719,0.23703703703703705,0.06584444444578597,0.1825120000557946,0.12495831713496715,0.9578425767358228,epsilon_greedy_pretrained_adversarial_8
epsilon_greedy_pretrained,adversarial,9,270,2.7464900783409028,11.657149711388104,13.637494332863774,0.05925925925925926,4.768014071004194,3.0595996378691552,103183,0.23703703703703705,0.06258370370283547,0.13974100002428708,0.12742091072393066,0.9569471611704955,epsilon_greedy_pretrained_adversarial_9
epsilon_greedy_pretrained,burst,0,270,2.0,5.302281813140842,6.865004268584532,0.007407407407407408,2.8787690686104477,3.513512897534312,84193,0.5185185185185185,0.0662455555574002,0.20039599997232924,0.1752337329326406,0.9384304305265234,epsilon_greedy_pretrained_burst_0
epsilon_greedy_pretrained,burst,1,270,3.9767992759731996,5.3552333037765,6.573220556121262,0.0,2.930994986397838,3.537876849775927,83337,0.5259259259259259,0.07106259258972819,0.20665599994117653,0.19840927966104033,0.9468767307290398,epsilon_greedy_pretrained_burst_1
epsilon_greedy_pretrained,burst,2,270,2.0,5.442131452453251,7.087805123879624,0.014814814814814815,2.854004618355612,3.553649666906221,81821,0.5,0.0645896296303076,0.14150699999277097,0.15763238210272779,0.9411730521743312,epsilon_greedy_pretrained_burst_2
epsilon_greedy_pretrained,burst,3,270,3.789629416011781,5.313862090387603,6.476785140079724,0.0,2.9536600503751718,3.5102933079415446,83131,0.5259259259259259,0.06401740740826692,0.1309409999782929,0.20060159843036166,0.9462842331095255,epsilon_greedy_pretrained_burst_3
epsilon_greedy_pretrained,burst,4,270,2.1599091548204177,5.382716992136264,6.912520429410599,0.007407407407407408,2.9125764027230474,3.5472960608436312,84106,0.5148148148148148,0.06539518517961869,0.13362000000370242,0.17644405629517848,0.9465663234103022,epsilon_greedy_pretrained_burst_4
epsilon_greedy_pretrained,burst,5,270,2.0,5.4209090485825575,7.214319294090113,0.025925925925925925,2.775564664252277,3.5603682702606423,86726,0.5,0.06000851851189908,0.12907900001437156,0.11565022946916308,0.9340156802295224,epsilon_greedy_pretrained_burst_5
epsilon_greedy_pretrained,burst,6,270,2.0,5.392710132566276,6.9184864568424445,0.011111111111111112,2.8630934647973767,3.599396996992791,89432,0.5148148148148148,0.07101444444843862,0.2813809999986464,0.15499505315172826,0.9458025885670028,epsilon_greedy_pretrained_burst_6
epsilon_greedy_pretrained,burst,7,270,2.797825411141929,5.358142128606155,6.735827967276079,0.003703703703703704,2.9140887255415637,3.537305253502633,83040,0.5222222222222223,0.0712555555571304,0.1752269999860801,0.19021105763169138,0.9449136559681478,epsilon_greedy_pretrained_burst_7
epsilon_greedy_pretrained,burst,8,270,3.0569233122661403,5.342853113858925,6.674773488007206,0.003703703703703704,2.916144834258757,3.5609960900348088,81790,0.5222222222222223,0.0627896296270625,0.10232700003371059,0.1925530980781105,0.948055194222547,epsilon_greedy_pretrained_burst_8
epsilon_greedy_pretrained,burst,9,270,2.0,5.328835201446946,6.919290981106845,0.011111111111111112,2.869098541326417,3.4763292870789573,83420,0.5148148148148148,0.06467185185196432,0.12043400000152359,0.16561996102066864,0.934339780661882,epsilon_greedy_pretrained_burst_9
epsilon_greedy_pretrained,ramp,0,270,2.8453572951172195,4.190108861284234,4.2745127264364875,0.0,3.3748277974404584,3.3270924241392397,42312,0.0,0.06185481481511314,0.11133900003642339,0.34326888580155634,0.9210691826894398,epsilon_greedy_pretrained_ramp_0
epsilon_greedy_pretrained,ramp,1,270,2.699403271042387,4.165420651451739,4.241378873709425,0.0,3.383648359780467,3.3146568830774537,43085,0.0,0.061593703703707314,0.14309099999909594,0.3420600980259258,0.9193675371486717,epsilon_greedy_pretrained_ramp_1
epsilon_greedy_pretrained,ramp,2,270,2.7790848274743274,4.180214639857882,4.288981792748733,0.0,3.3629360456609056,3.361111890688508,43167,0.0,0.0595388888878342,0.13756599995645044,0.34120029462007906,0.9231576672940893,epsilon_greedy_pretrained_ramp_2
epsilon_greedy_pretrained,ramp,3,270,2.8856996148701026,4.1674546438810065,4.2674930644758176,0.0,3.384470163290157,3.350133593390259,42867,0.0,0.05549333333150298,0.10082900006182167,0.34369102413072355,0.9230605996397074,epsilon_greedy_pretrained_ramp_3
epsilon_greedy_pretrained,ramp,4,270,3.110481179520712,4.181995799430996,4.313235102132333,0.0,3.349075208876081,3.4226957415729893,44030,0.0,0.06173148148289121,0.11662399999778475,0.3397439486903533,0.9277036221564166,epsilon_greedy_pretrained_ramp_4
epsilon_greedy_pretrained,ramp,5,270,2.912261414277219,4.169319110127953,4.242627795774194,0.0,3.3559866265215583,3.374799120820698,42737,0.0,0.05959037037015415,0.10698499999136853,0.34187152516566566,0.9223256335187517,epsilon_greedy_pretrained_ramp_5
epsilon_greedy_pretrained,ramp,6,270,3.25904554120497,4.174092758133668,4.255767590723752,0.0,3.357089742180052,3.3482301600654516,42726,0.0,0.06352296296191286,0.15280499982509355,0.34120921235330204,0.9199396655351589,epsilon_greedy_pretrained_ramp_6
epsilon_greedy_pretrained,ramp,7,270,2.667206540799075,4.159249913057118,4.250939333786331,0.0,3.3692622302579722,3.3413273657419906,41847,0.0,0.0591129629600362,0.11688199995660396,0.3441727106647236,0.9208419976811482,epsilon_greedy_pretrained_ramp_7
epsilon_greedy_pretrained,ramp,8,270,2.858314527365521,4.184072336710382,4.285603209241847,0.0,3.358422624971319,3.3692131535734733,42809,0.0,0.06190555555515735,0.15770699999805515,0.34178754599322503,0.9223644410235812,epsilon_greedy_pretrained_ramp_8
epsilon_greedy_pretrained,ramp,9,270,3.13900861911449,4.169237524417665,4.259383014973708,0.0,3.354415501213904,3.3592462150002844,42052,0.0,0.0652648148043563,0.13181000002077783,0.34277004768251,0.9219230315652491,epsilon_greedy_pretrained_ramp_9
epsilon_greedy_pretrained,sawtooth,0,270,2.0,5.3084777380374195,5.490734646058278,0.0,3.4655141854116875,3.4325710352174226,29746,0.0,0.05694074074603523,0.14483500003848346,0.3761724121211669,0.9120713778160529,epsilon_greedy_pretrained_sawtooth_0
epsilon_greedy_pretrained,sawtooth,1,270,2.0,5.3457657546536,5.514062651401082,0.0,3.486847379413622,3.4269438375638197,31422,0.0,0.05823111111111609,0.12738199999503763,0.37306546974320093,0.913621662260463,epsilon_greedy_pretrained_sawtooth_1
epsilon_greedy_pretrained,sawtooth,2,270,2.0,5.298314814614618,5.61786307895495,0.0,3.5061409557118752,3.40875941709909,28207,0.0,0.059564814815799984,0.12324500006116083,0.38222720234996854,0.914230426927982,epsilon_greedy_pretrained_sawtooth_2
epsilon_greedy_pretrained,sawtooth,3,270,2.0,5.233982460799779,5.613958549093727,0.0,3.5055934088306664,3.390417693167459,30576,0.0,0.0598311111111292,0.0984820000962827,0.37758961550344566,0.9119106457650654,epsilon_greedy_pretrained_sawtooth_3
epsilon_greedy_pretrained,sawtooth,4,270,2.0,5.331531947565212,5.684427874167579,0.0,3.475034998750782,3.320483891769669,27975,0.0,0.05806444444576497,0.099026000007143,0.37627813271096494,0.9020967777372543,epsilon_greedy_pretrained_sawtooth_4
epsilon_greedy_pretrained,sawtooth,5,270,2.0,5.184808853736078,5.43906296214861,0.0,3.50950735267153,3.378973340445378,27582,0.0,0.05745592592737226,0.11189500000739375,0.38535924841590896,0.9108132587402148,epsilon_greedy_pretrained_sawtooth_5
epsilon_greedy_pretrained,sawtooth,6,270,2.0,5.328885468146365,5.597695847043097,0.0,3.535518620123441,3.3778884486518255,27482,0.0,0.056020000002903234,0.1248949999410343,0.3860071439188955,0.913221993621018,epsilon_greedy_pretrained_sawtooth_6
epsilon_greedy_pretrained,sawtooth,7,270,2.0,5.263733513035412,5.545329971625348,0.0,3.5288484396831783,3.38443964951851,28482,0.0,0.05642185184995094,0.10031899997841262,0.38435227421690826,0.9133738198602426,epsilon_greedy_pretrained_sawtooth_7
epsilon_greedy_pretrained,sawtooth,8,270,2.0,5.23965293846182,5.59625153862648,0.0,3.502357128091241,3.390678537084545,28960,0.0,0.05650185185678071,0.1448990000199046,0.3806789726980584,0.9118105086970231,epsilon_greedy_pretrained_sawtooth_8
epsilon_greedy_pretrained,sawtooth,9,270,2.0,5.30154659050092,5.485397222843283,0.0,3.4833483078088316,3.383557208933664,30104,0.0,0.0636362962958864,0.1655270000674136,0.3760898494772449,0.9090454162648431,epsilon_greedy_pretrained_sawtooth_9
linucb,adversarial,0,270,2.180881127762247,5.628056063219205,10.607641817126494,0.040740740740740744,4.522768395716699,3.338866511931602,103115,0.16296296296296298,0.09119740741004564,0.17606000004661837,0.20030144579695575,0.9601987043730286,linucb_adversarial_0
linucb,adversarial,1,270,2.0,5.356278222016457,10.481637297779834,0.03333333333333333,4.304163923283103,3.3883203130778763,108250,0.13333333333333333,0.09243185184594171,0.1815509999664755,0.19168366991785601,0.9422529088126504,linucb_adversarial_1
linucb,adversarial,2,270,2.0,5.633751905671029,8.965100371331783,0.025925925925925925,4.140381969270661,3.376475490420284,108627,0.1111111111111111,0.08893703703565561,0.17867599999419784,0.19162431321577644,0.92472808996864,linucb_adversarial_2
linucb,adversarial,3,270,2.104236941715022,5.3418237436259375,11.203109213613427,0.037037037037037035,4.299526766307866,3.304466179916721,109927,0.14814814814814814,0.09206481481395776,0.19541599997580772,0.17065442272773929,0.9342747950935215,linucb_adversarial_3
linucb,adversarial,4,270,2.7029470281235546,5.51821174947724,12.823885007234404,0.040740740740740744,4.846877534638857,3.12046546776984,104959,0.17777777777777778,0.09194148148278851,0.19652899999186957,0.20934027822299872,0.971474260630036,linucb_adversarial_4
linucb,adversarial,5,270,2.0,5.058512071031012,9.264474160927518,0.040740740740740744,4.239924262907243,3.3900766383897056,111893,0.16296296296296298,0.09226888888802187,0.17919699999367822,0.16330686057348068,0.9373110913319077,linucb_adversarial_5
linucb,adversarial,6,270,2.681053404601918,5.428458152413349,12.972822866847144,0.040740740740740744,4.743896826928726,3.1699717525135487,103907,0.16666666666666666,0.09389592592688802,0.22218100000941376,0.20082632378342005,0.9652821526085987,linucb_adversarial_6
linucb,adversarial,7,270,2.0,5.966555076219357,8.883206388484979,0.02962962962962963,4.3837975716905,3.333683140390563,106557,0.11851851851851852,0.08958888888880916,0.17577700005404043,0.20784277417996283,0.946247353170822,linucb_adversarial_7
linucb,adversarial,8,270,2.0,5.282738582265783,9.912348242115005,0.040740740740740744,4.217088665592261,3.4092059805414157,108482,0.17777777777777778,0.09106851851154511,0.17008199998144846,0.16385974135609135,0.9368412163915147,linucb_adversarial_8
linucb,adversarial,9,270,2.0,5.383022325574463,9.604408361816015,0.040740740740740744,4.051828953678066,3.3029251662741723,113804,0.16296296296296298,0.09142444444423573,0.24278899998876116,0.13329406272339742,0.9096610522459205,linucb_adversarial_9
linucb,burst,0,270,2.0,5.208978033958605,6.775951845687578,0.007407407407407408,2.7465901061300113,3.623855214004607,84684,0.23703703703703705,0.09781037037504976,0.20525800008272205,0.16693777453497313,0.9362467659255094,linucb_burst_0
linucb,burst,1,270,2.0,5.27691838827551,5.616521965104195,0.007407407407407408,2.747712921249691,3.6669441299467818,84565,0.04814814814814815,0.09210407406835991,0.27142100000901337,0.1705435289443965,0.9414573804482043,linucb_burst_1
linucb,burst,2,270,2.0,5.333056350840217,6.083097113286597,0.011111111111111112,2.8219628330689694,3.5871557009911643,81790,0.06666666666666667,0.09236259259784706,0.18809599999940477,0.16997600207472424,0.9413229402489706,linucb_burst_2
linucb,burst,3,270,2.0,5.2696347704228295,5.975057364144452,0.007407407407407408,2.782739244757743,3.6272638247233533,84345,0.037037037037037035,0.08909555555318442,0.15521300000955304,0.17247086933670577,0.9408892042259633,linucb_burst_3
linucb,burst,4,270,2.0,5.3730719621122285,6.816769320549361,0.003703703703703704,2.873819802693894,3.5786138441042548,84274,0.2851851851851852,0.10048185185446018,0.17452700004469077,0.18411387867895784,0.9458224417334494,linucb_burst_4
linucb,burst,5,270,2.0,5.261845438468699,5.950027830101289,0.011111111111111112,2.7476229370384924,3.614515404871726,86137,0.05925925925925926,0.0929222222204636,0.22800500001494628,0.1572875410959046,0.9366362209692524,linucb_burst_5
linucb,burst,6,270,2.0,5.307208766519034,6.795193849625501,0.007407407407407408,2.8182858716980235,3.6350003382627154,89639,0.1111111111111111,0.09468555555216608,0.26526100004730324,0.1604804323292223,0.9448843092771313,linucb_burst_6
linucb,burst,7,270,2.0,5.290319660376912,5.93486792181964,0.007407407407407408,2.8232294954160135,3.593273760755833,83825,0.14074074074074075,0.09743777777783985,0.24251199994864697,0.17590750882113473,0.9414256055358613,linucb_burst_7
linucb,burst,8,270,2.0,5.2774187401835695,6.7045862825756535,0.007407407407407408,2.791431456617963,3.646372645443776,82675,0.23333333333333334,0.09194481480950273,0.17509700005575726,0.1765625911341857,0.9441215119993646,linucb_burst_8
linucb,burst,9,270,2.0,5.216904301460865,6.724060144641523,0.007407407407407408,2.7791665758805886,3.5505926512168537,83772,0.06666666666666667,0.09760666665712318,0.24618599999712382,0.17174656636069144,0.932772920531089,linucb_burst_9
linucb,ramp,0,270,2.54930996396407,5.578120313305599,5.835937281696546,0.003703703703703704,3.3367515101383414,3.3153966881587706,43423,0.32222222222222224,0.10117370370355475,0.26183699999592147,0.31757963956949636,0.916090059154842,linucb_ramp_0
linucb,ramp,1,270,2.712307735917535,5.4648818728609525,5.767537092848806,0.003703703703703704,3.346932569874962,3.301170485747801,44216,0.3111111111111111,0.09907814814651084,0.20919000000731103,0.31690525272700615,0.9143451026662437,linucb_ramp_1
linucb,ramp,2,270,2.4695702058580187,5.4677839019365235,5.775637107304459,0.003703703703703704,3.3025036536181975,3.351012067611649,44716,0.14814814814814814,0.09658518518365239,0.1677719999770488,0.31490325748780035,0.9161026393714664,linucb_ramp_2
linucb,ramp,3,270,2.6550408695909455,5.368617765772316,5.862800605040067,0.003703703703703704,3.339016536305072,3.340514415178567,44088,0.17407407407407408,0.09737592592534414,0.3228380000143717,0.3188052820906402,0.9175516215503396,linucb_ramp_3
linucb,ramp,4,270,2.752847798225278,5.4114286253475745,5.797682137352718,0.003703703703703704,3.2898949144084444,3.4167815885441115,45495,0.14444444444444443,0.09534259259840766,0.1986549999924136,0.3146826237533792,0.9211941774067652,linucb_ramp_4
linucb,ramp,5,270,2.6563152732307587,5.466481842267914,5.683107057115099,0.0,3.3272507231237607,3.371345727229869,43464,0.08888888888888889,0.090234444443198,0.17153000000718063,0.3288875469340214,0.9191056580331017,linucb_ramp_5
linucb,ramp,6,270,2.7591964902708166,4.250362607469482,5.695129790078044,0.003703703703703704,3.291534114310726,3.348962992666127,44167,0.1,0.09206222222436126,0.21621399998764443,0.31871252772265973,0.9134573860082938,linucb_ramp_6
linucb,ramp,7,270,2.429931299308863,5.42704454069582,5.714445477884294,0.003703703703703704,3.321686627325917,3.3310291966975796,43150,0.2851851851851852,0.09951407407592575,0.21068899999136198,0.3194706284636651,0.9150562870639828,linucb_ramp_7
linucb,ramp,8,270,2.5552462126011353,5.358005003604477,5.740140275049506,0.003703703703703704,3.307535211486131,3.354380178931782,44287,0.1962962962962963,0.10018333333408476,0.2966640000340708,0.31752824930990975,0.9157924022108932,linucb_ramp_8
linucb,ramp,9,270,2.748791639927113,4.7363036827395995,5.751416633663123,0.003703703703703704,3.301604169973852,3.3481736913272546,43522,0.14074074074074075,0.09893074074364414,0.27879000001348686,0.3191179294762622,0.9155364358503006,linucb_ramp_9
linucb,sawtooth,0,270,2.0,5.224293324377923,6.626186861730546,0.011111111111111112,3.3597699459091257,3.4625844822326046,31449,0.10740740740740741,0.09315666666983206,0.1890329999696405,0.3369770027658948,0.9044982985673149,linucb_sawtooth_0
linucb,sawtooth,1,270,2.0,5.363968786757885,7.0945375529120716,0.011111111111111112,3.4128043490941145,3.4416385995193917,32758,0.2,0.09524333333240939,0.19465999997578368,0.3338116935920682,0.9076868354240696,linucb_sawtooth_1
linucb,sawtooth,2,270,2.0,5.408480192295292,6.944336617497755,0.007407407407407408,3.5002300220903413,3.3949558103974513,28650,0.25555555555555554,0.09700814815013704,0.19606700000281307,0.3541852654616013,0.9122589728956647,linucb_sawtooth_2
linucb,sawtooth,3,270,2.0,5.178639035931561,6.8744241178364005,0.011111111111111112,3.446070680521558,3.399118546345008,31720,0.16296296296296298,0.09611000000067747,0.27188899998037636,0.3400039168423936,0.9068284582519094,linucb_sawtooth_3
linucb,sawtooth,4,270,2.0,5.262303500137944,7.059879633654839,0.011111111111111112,3.394544428189251,3.343829977042869,29261,0.0962962962962963,0.09266148148159699,0.1793910000020561,0.33897326688636975,0.8963823292084212,linucb_sawtooth_4
linucb,sawtooth,5,270,2.0,5.209241769486578,6.992289829697887,0.007407407407407408,3.4564448249406317,3.389628235636245,28537,0.26666666666666666,0.09892370369723516,0.2235310000742175,0.3545892601727734,0.9065724954862117,linucb_sawtooth_5
linucb,sawtooth,6,270,2.0,5.308776935788028,6.766735133073662,0.011111111111111112,3.466512947554829,3.3949622046102337,28649,0.22962962962962963,0.09490407407308032,0.20453199996381954,0.35018061208758094,0.9080288019599975,linucb_sawtooth_6
linucb,sawtooth,7,270,2.0,5.252919031744854,6.802105864020157,0.011111111111111112,3.4500611631801155,3.4127390894582676,29618,0.05555555555555555,0.09173481481428565,0.1513579999686953,0.3474037433467771,0.9083250362039121,linucb_sawtooth_7
linucb,sawtooth,8,270,2.0,5.23965293846182,6.694767970993719,0.007407407407407408,3.4468074703521383,3.4042170666383074,29904,0.0962962962962963,0.09397592591708581,0.24889800004075363,0.3527046339922789,0.9076093958784891,linucb_sawtooth_8
linucb,sawtooth,9,270,2.0,5.223698836790652,6.773599441158436,0.007407407407407408,3.4262444178592615,3.4067967579057417,30865,0.13333333333333333,0.09317740741018359,0.25505600003384643,0.3486240414196671,0.905658982167094,linucb_sawtooth_9
linucb_pretrained,adversarial,0,270,2.1435790517040108,5.283020084481077,8.728865807949697,0.02962962962962963,4.595415168084605,3.308037711085021,102212,0.11851851851851852,0.09711629629649632,0.2246620000070721,0.2429932514143416,0.9643811189774802,linucb_pretrained_adversarial_0
linucb_pretrained,adversarial,1,270,2.1138480592190616,5.119050840742456,9.40884088806869,0.025925925925925925,4.569933249973229,3.339947478855653,103338,0.1037037037037037,0.0952362962973691,0.16950500003815702,0.24869244618671757,0.9639922337574935,linucb_pretrained_adversarial_1
linucb_pretrained,adversarial,2,270,2.1227342448691076,5.4850060824744125,9.847371378947159,0.014814814814814815,4.62158265912683,3.281607687364572,99884,0.05925925925925926,0.10246851851518467,0.27661199999784,0.279577657002825,0.9633607419306777,linucb_pretrained_adversarial_2
linucb_pretrained,adversarial,3,270,2.1364638426606763,5.195136851797308,8.969102072317401,0.02962962962962963,4.612314293912559,3.260197202432026,103861,0.11851851851851852,0.09701481481619739,0.19811600002981322,0.2411164407401943,0.9611265087652422,linucb_pretrained_adversarial_3
linucb_pretrained,adversarial,4,270,2.081919606232275,5.364605777439565,8.26751195354901,0.022222222222222223,4.550424182132601,3.328715960494514,106944,0.08888888888888889,0.09733407407860858,0.21775200006572962,0.2447331872803026,0.9626541023077626,linucb_pretrained_adversarial_4
linucb_pretrained,adversarial,5,270,2.1395098400846724,4.805327706575376,12.5431154126154,0.02962962962962963,4.567136727561449,3.346994270516057,105443,0.11851851851851852,0.09387185185087468,0.1717990000005898,0.23065298330433126,0.9657235598254547,linucb_pretrained_adversarial_5
linucb_pretrained,adversarial,6,270,2.1338907756063517,5.529060871818992,7.865664993011874,0.018518518518518517,4.5857828993302645,3.3377644849830506,103690,0.07407407407407407,0.0965796296255845,0.1826270000140085,0.264569418475656,0.9662503519970537,linucb_pretrained_adversarial_6
linucb_pretrained,adversarial,7,270,2.1287732444885785,5.548752371067619,7.280438904482342,0.014814814814814815,4.596973940382829,3.2852466091578254,102849,0.05925925925925926,0.10021185185101546,0.1860000000141326,0.2817311895940429,0.9627213369167811,linucb_pretrained_adversarial_7
linucb_pretrained,adversarial,8,270,2.1225298817413374,4.944846810228718,9.742466170762032,0.025925925925925925,4.588925779116228,3.334649364594556,101792,0.1037037037037037,0.10232148148108736,0.31918200001541663,0.2502164048748945,0.9665688936944223,linucb_pretrained_adversarial_8
linucb_pretrained,adversarial,9,270,2.0,5.3269533671127025,10.078201132496838,0.02962962962962963,4.547808167069014,3.2437483026007796,103993,0.11851851851851852,0.09487777777760834,0.2052959999895166,0.22902057318259442,0.9533415481537866,linucb_pretrained_adversarial_9
linucb_pretrained,burst,0,270,3.199812964841683,5.242464564593736,5.43836394961324,0.0,2.9179096395887445,3.5102429851700574,83386,0.0,0.09910407407405555,0.30655300000166374,0.20287567637437295,0.9420174963879276,linucb_pretrained_burst_0
linucb_pretrained,burst,1,270,3.4305419183570094,5.292530607707445,5.502100704046671,0.0,2.9221038569411197,3.546767979232646,83338,0.0,0.0946088888891299,0.25125500000029904,0.20273530597076533,0.9468767307290398,linucb_pretrained_burst_1
linucb_pretrained,burst,2,270,3.0316138058824182,5.338013361189554,5.456607086184414,0.0,2.946342478107756,3.5373512258490525,80111,0.0,0.09545037037283957,0.1980830000400149,0.21182350436761152,0.948780457238638,linucb_pretrained_burst_2
linucb_pretrained,burst,3,270,2.7092013567530433,5.29719735022862,5.44546054148478,0.0,2.9426183274247886,3.520916572509281,83140,0.0,0.08877851851870577,0.14379299999859535,0.205107478481252,0.9462423872712606,linucb_pretrained_burst_3
linucb_pretrained,burst,4,270,3.2088707926150417,5.302090325662186,5.512544897426997,0.0,2.9435330696944195,3.535194775826528,83682,0.0,0.09842925926014447,0.23798800004442458,0.20345254427404058,0.9484518616057295,linucb_pretrained_burst_4
linucb_pretrained,burst,5,270,2.9075986955039617,5.313969981738608,5.464354607327248,0.0,2.9384188379295066,3.500499118477931,84410,0.0,0.09197888889587003,0.1480839999953787,0.20084927860041,0.9443141824189744,linucb_pretrained_burst_5
linucb_pretrained,burst,6,270,3.086503900867,5.285947119637098,5.475802583089445,0.0,2.9236572681006665,3.5743279831992005,88633,0.0,0.09476592592502833,0.20291700000825585,0.1929780205709645,0.9493520675179727,linucb_pretrained_burst_6
linucb_pretrained,burst,7,270,3.029434932358532,5.291207146889125,5.430333542756982,0.0,2.9260371493787276,3.5509254814865137,82465,0.0,0.09364074074558928,0.1743619999604107,0.207059725715794,0.9474705211502522,linucb_pretrained_burst_7
linucb_pretrained,burst,8,270,3.3900374171235756,5.285548173224297,5.438753744174013,0.0,2.9291732945754076,3.5551524113252313,81629,0.0,0.10065407407408965,0.26526900000035886,0.20820655925167122,0.9487736723832545,linucb_pretrained_burst_8
linucb_pretrained,burst,9,270,2.7430896141258714,5.273656421966945,5.487814514010391,0.0,2.9408147144298935,3.454749102808854,82292,0.0,0.09692481480964553,0.30608799996798586,0.20579352482569543,0.9393533795452192,linucb_pretrained_burst_9
linucb_pretrained,ramp,0,270,2.8453572951172195,4.190108861284234,4.2745127264364875,0.0,3.3748277974404584,3.3270924241392397,42312,0.0,0.0977396296295612,0.1952950000895726,0.34326888580155634,0.9210691826894398,linucb_pretrained_ramp_0
linucb_pretrained,ramp,1,270,2.699403271042387,4.165420651451739,4.241378873709425,0.0,3.383648359780467,3.3146568830774537,43085,0.0,0.09699555555660781,0.1995480000175576,0.3420600980259258,0.9193675371486717,linucb_pretrained_ramp_1
linucb_pretrained,ramp,2,270,2.7790848274743274,4.180214639857882,4.288981792748733,0.0,3.3629360456609056,3.361111890688508,43167,0.0,0.09355592593170442,0.1851270000406657,0.34120029462007906,0.9231576672940893,linucb_pretrained_ramp_2
linucb_pretrained,ramp,3,270,2.8856996148701026,4.1674546438810065,4.2674930644758176,0.0,3.384470163290157,3.350133593390259,42867,0.0,0.09768407407425116,0.1905679999947552,0.34369102413072355,0.9230605996397074,linucb_pretrained_ramp_3
linucb_pretrained,ramp,4,270,3.110481179520712,4.181995799430996,4.313235102132333,0.0,3.349075208876081,3.4226957415729893,44030,0.0,0.09452888888711604,0.19036500001561762,0.3397439486903533,0.9277036221564166,linucb_pretrained_ramp_4
linucb_pretrained,ramp,5,270,2.912261414277219,4.169319110127953,4.242627795774194,0.0,3.3559866265215583,3.374799120820698,42737,0.0,0.10074518518505493,0.23107499999969863,0.34187152516566566,0.9223256335187517,linucb_pretrained_ramp_5
linucb_pretrained,ramp,6,270,3.25904554120497,4.174092758133668,4.255767590723752,0.0,3.357089742180052,3.3482301600654516,42726,0.0,0.09750666666642849,0.18727800000874595,0.34120921235330204,0.9199396655351589,linucb_pretrained_ramp_6
linucb_pretrained,ramp,7,270,2.667206540799075,4.159249913057118,4.250939333786331,0.0,3.3692622302579722,3.3413273657419906,41847,0.0,0.09578185184485237,0.16775699998333957,0.3441727106647236,0.9208419976811482,linucb_pretrained_ramp_7
linucb_pretrained,ramp,8,270,2.858314527365521,4.184072336710382,4.285603209241847,0.0,3.358422624971319,3.3692131535734733,42809,0.0,0.0951781481489888,0.1855940000496048,0.34178754599322503,0.9223644410235812,linucb_pretrained_ramp_8
linucb_pretrained,ramp,9,270,3.13900861911449,4.169237524417665,4.259383014973708,0.0,3.354415501213904,3.3592462150002844,42052,0.0,0.09834407407096372,0.19729300003973546,0.34277004768251,0.9219230315652491,linucb_pretrained_ramp_9
linucb_pretrained,sawtooth,0,270,2.0,5.231892513076606,5.462554447543073,0.0,3.440062705109381,3.4493906742452474,29941,0.0,0.10248777778066913,0.4007290000066634,0.375180796629351,0.9112081936886046,linucb_pretrained_sawtooth_0
linucb_pretrained,sawtooth,1,270,2.0,5.306011325191141,5.500164620386482,0.0,3.453072741862286,3.442884018466604,31824,0.0,0.09657851851443407,0.2868149999301295,0.37126491738990924,0.9118382165956078,linucb_pretrained_sawtooth_1
linucb_pretrained,sawtooth,2,270,2.0,5.298314814614618,5.61786307895495,0.0,3.477049605659679,3.417868242884177,28656,0.0,0.09388111110958425,0.17386099988243586,0.3791687496532248,0.912232174501271,linucb_pretrained_sawtooth_2
linucb_pretrained,sawtooth,3,270,2.0,5.189032877352232,5.521286249361209,0.0,3.4913424245074176,3.399987249787516,30682,0.0,0.09472592592719252,0.22793799997089098,0.37746957010339116,0.9114425029947464,linucb_pretrained_sawtooth_3
linucb_pretrained,sawtooth,4,270,2.0,5.31463264298363,5.684427874167579,0.0,3.4651441233266604,3.3270556826195223,28049,0.0,0.09807185184921827,0.18046800005095062,0.3762803051433983,0.9017648692798275,linucb_pretrained_sawtooth_4
linucb_pretrained,sawtooth,5,270,2.0,5.173536752640575,5.43610081196634,0.0,3.4865371960739737,3.3924392627113495,27796,0.0,0.09433555555515506,0.16856199998642293,0.38358718435179406,0.9098628353070564,linucb_pretrained_sawtooth_5
linucb_pretrained,sawtooth,6,270,2.0,5.308776935788028,5.597695847043097,0.0,3.5232807823738397,3.383326013074838,27635,0.0,0.09778481481416913,0.25288500003227915,0.3851837080630572,0.912541966288359,linucb_pretrained_sawtooth_6
linucb_pretrained,sawtooth,7,270,2.0,5.241702636478818,5.504920631229077,0.0,3.511311045163613,3.39627203399065,28609,0.0,0.0933040740754357,0.17668399999024584,0.3836929986227453,0.9128033188555001,linucb_pretrained_sawtooth_7
linucb_pretrained,sawtooth,8,270,2.0,5.232680760968735,5.59625153862648,0.0,3.482513495367092,3.3948708216230457,29311,0.0,0.09026296296202348,0.14785300000539786,0.3783877095805096,0.9102453738784583,linucb_pretrained_sawtooth_8
linucb_pretrained,sawtooth,9,270,2.0,5.179672078086138,5.4769113847322775,0.0,3.45906785973401,3.4004126127111567,30272,0.0,0.09417222222196567,0.16377900000172482,0.3761975485776926,0.9083029118351104,linucb_pretrained_sawtooth_9
oracle,adversarial,0,270,2.8533884816023996,5.68413246589656,6.298938297544848,0.0,5.148950309112573,3.096097782598875,94527,0.03333333333333333,0.03213259259172003,0.0965619999749378,0.38119381636963956,0.9985405761528465,oracle_adversarial_0
oracle,adversarial,1,270,2.8384077541593475,5.390577876861489,5.789718915241895,0.0,5.152195512810441,3.092707487192513,95814,0.040740740740740744,0.029610740752003803,0.07592099999101261,0.3851945687183607,0.9974943936116921,oracle_adversarial_1
oracle,adversarial,2,270,2.728585182643581,5.499950929963289,5.793336957256266,0.0,4.987242197550541,3.1711420360926117,94165,0.018518518518518517,0.027269999998435587,0.07610699999247572,0.37399811741558603,0.9888804793518947,oracle_adversarial_2
oracle,adversarial,3,270,2.804486821869925,5.225190766297543,5.969646967180171,0.0,5.135125102877748,3.0710353964570167,96377,0.025925925925925925,0.029484814813342874,0.07425399996463963,0.3846281842536321,0.9944914103573157,oracle_adversarial_3
oracle,adversarial,4,270,2.8778539500336477,5.673315113873754,6.502890663743419,0.0,5.144920859498043,3.0835100717985995,99085,0.044444444444444446,0.0303340740747107,0.08862699998360311,0.3706060242465463,0.9975831723420115,oracle_adversarial_4
oracle,adversarial,5,270,2.8804765670306454,5.607905536166203,6.252564718138241,0.0,5.135567638048675,3.1029682462161206,98177,0.037037037037037035,0.030511111111079688,0.08093100000102989,0.3746934860895479,0.9981641939410942,oracle_adversarial_5
oracle,adversarial,6,270,2.85172183331503,5.28207854226687,5.853195872739149,0.0,5.093551440385682,3.113339714699057,97277,0.025925925925925925,0.02938296296364296,0.08346199997276922,0.37937909535059944,0.9945841035277955,oracle_adversarial_6
oracle,adversarial,7,270,2.842553667527131,5.625284193037326,6.099344825026443,0.0,5.160784844677607,3.068668480410884,95076,0.040740740740740744,0.02827370370213156,0.07004500001642101,0.3821591897534208,0.997444638265602,oracle_adversarial_7
oracle,adversarial,8,270,2.847210707867982,5.561200942758556,6.2282382102606055,0.0,5.157138632634953,3.0857487940593082,94572,0.02962962962962963,0.02989185184695218,0.0790280000251186,0.38444179500435066,0.9984999900656133,oracle_adversarial_8
oracle,adversarial,9,270,2.819718215992188,5.572280968514414,6.193768427409631,0.0,5.172313466525193,3.056448021882648,94157,0.044444444444444446,0.03144962962635497,0.08500299996057943,0.3849156545721603,0.9970619391239447,oracle_adversarial_9
oracle,burst,0,270,4.089136054202214,5.242464564593736,5.43836394961324,0.0,2.92457250483605,3.507212488353943,83304,0.0,0.024292962963293665,0.044248000005495634,0.2036906391380831,0.9423807332310467,oracle_burst_0
oracle,burst,1,270,3.9767992759659836,5.27691838827551,5.502100704046671,0.0,2.9245000961965055,3.544488494318766,83335,0.0,0.02611629629132877,0.10182000001577757,0.2036806681763912,0.9468884061631904,oracle_burst_1
oracle,burst,2,270,3.121442974870922,5.342805069890703,5.4781796246773595,0.0,2.9524490631142313,3.5353543448416733,80019,0.0,0.024545925925975858,0.04154100000448573,0.2123139011137348,0.9491914276385478,oracle_burst_2
oracle,burst,3,270,3.8229785612324956,5.298560077864003,5.44546054148478,0.0,2.9471739253897855,3.5175382846718053,83114,0.0,0.02280037037120627,0.04463600000690347,0.20539767418999683,0.9463601182840128,oracle_burst_3
oracle,burst,4,270,3.7169207696793545,5.308970535760356,5.512544897426997,0.0,2.953725507612678,3.529000010085334,83592,0.0,0.023677777769787762,0.04553700001906691,0.20441454012656116,0.9488516288234358,oracle_burst_4
oracle,burst,5,270,2.9075986955039617,5.3186700316685895,5.469659408281128,0.0,2.9422824967967496,3.4978377577206277,84382,0.0,0.024311111111147303,0.048543999999885984,0.2007351808237236,0.9444344122299682,oracle_burst_5
oracle,burst,6,270,4.172815045508624,5.285947119637098,5.475802583089445,0.0,2.932946751671182,3.5700544710060425,88520,0.0,0.02276481481523521,0.04279199997426981,0.1941691990022617,0.9498536646557084,oracle_burst_6
oracle,burst,7,270,3.4693598929582694,5.291207146889125,5.430333542756982,0.0,2.9342445008349998,3.5441628726939367,82433,0.0,0.024721111113076694,0.046160000008512676,0.20774624294109206,0.9476149954166219,oracle_burst_7
oracle,burst,8,270,4.5978447556717335,5.285548173224297,5.438753744174013,0.0,2.9349553911779256,3.554553009415863,81512,0.0,0.021929999999875407,0.0435790000079805,0.20914474145473003,0.9492919418525696,oracle_burst_8
oracle,burst,9,270,3.139024047254643,5.273656421966945,5.487814514010391,0.0,2.9425175080626937,3.455485275788288,82237,0.0,0.025219259258967116,0.049157999997788714,0.20632193466359766,0.9395972762064428,oracle_burst_9
oracle,ramp,0,270,2.8453572951172195,4.190108861284234,4.2745127264364875,0.0,3.3748277974404584,3.3270924241392397,42312,0.0,0.025841851850966786,0.043819999991683255,0.34326888580155634,0.9210691826894398,oracle_ramp_0
oracle,ramp,1,270,2.699403271042387,4.165420651451739,4.241378873709425,0.0,3.383648359780467,3.3146568830774537,43085,0.0,0.02367814814929425,0.043485999942731675,0.3420600980259258,0.9193675371486717,oracle_ramp_1
oracle,ramp,2,270,2.7790848274743274,4.180214639857882,4.288981792748733,0.0,3.3629360456609056,3.361111890688508,43167,0.0,0.0247159259258835,0.04397199998265925,0.34120029462007906,0.9231576672940893,oracle_ramp_2
oracle,ramp,3,270,2.8856996148701026,4.1674546438810065,4.2674930644758176,0.0,3.384470163290157,3.350133593390259,42867,0.0,0.025868518517839813,0.05483100010224004,0.34369102413072355,0.9230605996397074,oracle_ramp_3
oracle,ramp,4,270,3.110481179520712,4.181995799430996,4.313235102132333,0.0,3.349075208876081,3.4226957415729893,44030,0.0,0.02581259259244457,0.05753700000056478,0.3397439486903533,0.9277036221564166,oracle_ramp_4
oracle,ramp,5,270,2.912261414277219,4.169319110127953,4.242627795774194,0.0,3.3559866265215583,3.374799120820698,42737,0.0,0.026893703706163105,0.04279300007624436,0.34187152516566566,0.9223256335187517,oracle_ramp_5
oracle,ramp,6,270,3.25904554120497,4.174092758133668,4.255767590723752,0.0,3.357089742180052,3.3482301600654516,42726,0.0,0.025722592589840155,0.04861699999992195,0.34120921235330204,0.9199396655351589,oracle_ramp_6
oracle,ramp,7,270,2.667206540799075,4.159249913057118,4.250939333786331,0.0,3.3692622302579722,3.3413273657419906,41847,0.0,0.028205925930167138,0.050924999990229494,0.3441727106647236,0.9208419976811482,oracle_ramp_7
oracle,ramp,8,270,2.858314527365521,4.184072336710382,4.285603209241847,0.0,3.358422624971319,3.3692131535734733,42809,0.0,0.024811111110154667,0.04479299999275097,0.34178754599322503,0.9223644410235812,oracle_ramp_8
oracle,ramp,9,270,3.13900861911449,4.169237524417665,4.259383014973708,0.0,3.354415501213904,3.3592462150002844,42052,0.0,0.026462592591171907,0.04814900006977037,0.34277004768251,0.9219230315652491,oracle_ramp_9
oracle,sawtooth,0,270,2.4720929714967173,5.296187134569051,5.490734646058278,0.0,3.5834706533309655,3.3573695412035307,28784,0.05185185185185185,0.029920000002903135,0.10498799999595587,0.3881918551752606,0.9163468752065914,oracle_sawtooth_0
oracle,sawtooth,1,270,2.3890136997019678,5.342889397383421,5.501377138546094,0.0,3.6014711808006297,3.363839164690251,30263,0.05185185185185185,0.02790148148337548,0.08265500001471075,0.38585296967322674,0.9187735751118069,oracle_sawtooth_1
oracle,sawtooth,2,270,2.1275732009429458,5.298314814614618,5.61786307895495,0.0,3.6062807986371044,3.3535874698632524,27194,0.05185185185185185,0.0264440740731212,0.07811600000195534,0.3929328561648805,0.918727216496921,oracle_sawtooth_2
oracle,sawtooth,3,270,2.716707238610673,5.208211285257294,5.613958549093727,0.0,3.620575717930693,3.3421853663742667,29075,0.011111111111111112,0.027534444435601692,0.07495100000369341,0.3913514444765824,0.9185856439957489,oracle_sawtooth_3
oracle,sawtooth,4,270,2.4195520825282184,5.331531947565212,5.684427874167579,0.0,3.5846409894079487,3.2494868149062226,27105,0.05925925925925926,0.026906666666356435,0.09052400000825848,0.3870421528041116,0.9059576691166263,oracle_sawtooth_4
oracle,sawtooth,5,270,2.1993278255004154,5.184808853736078,5.43906296214861,0.0,3.6240870074840297,3.3039135823339234,26693,0.07037037037037037,0.030287407405972314,0.09163600003716961,0.39654097670937083,0.9147652484103193,oracle_sawtooth_5
oracle,sawtooth,6,270,2.516185039610069,5.328885468146365,5.597695847043097,0.0,3.641837522678139,3.3288654654841157,26193,0.03333333333333333,0.026135925928951132,0.07462599997779759,0.39820255908457963,0.9189515855597168,oracle_sawtooth_6
oracle,sawtooth,7,270,2.4184719645725696,5.241702636478818,5.472215205121002,0.0,3.632364957339932,3.335053195781603,27263,0.037037037037037035,0.026064814814166837,0.07534799999774573,0.39699959622976816,0.9187868262522274,oracle_sawtooth_7
oracle,sawtooth,8,270,2.4990391747476535,5.23965293846182,5.59625153862648,0.0,3.6170352388909675,3.322724612461,27908,0.05925925925925926,0.028511481479266892,0.10644099994919992,0.3924459438171024,0.9164829273146412,oracle_sawtooth_8
oracle,sawtooth,9,270,2.5228328661230264,5.256238683404411,5.485397222843283,0.0,3.6036366146519474,3.32187547525618,28785,0.02962962962962963,0.02664000000162622,0.08277099998622359,0.3899008010282132,0.9149060735814064,oracle_sawtooth_9
static_equal,adversarial,0,270,2.0,5.541263929728655,6.261560577823284,0.0,3.381091759499202,3.3966674352708646,127502,0.0,0.022629259259832415,0.04488799999975863,0.14287831237172102,0.8518109957013177,static_equal_adversarial_0
static_equal,adversarial,1,270,2.0,5.390577876861489,5.789718915241895,0.0,3.3817600720979017,3.425727014124331,128141,0.0,0.02215518518832372,0.04815100003838773,0.14676712114410875,0.8537528694968286,static_equal_adversarial_1
static_equal,adversarial,2,270,2.0,5.499950929963289,5.793336957256266,0.0,3.3849284642418533,3.4045407524133253,124982,0.0,0.021237037037183028,0.042906000000400006,0.15228648335211636,0.8519889831534003,static_equal_adversarial_2
static_equal,adversarial,3,270,2.0,5.490255078932896,6.076872469485427,0.0,3.3748533388077817,3.3635055636617515,129404,0.0,0.02179370370367717,0.05073299999931888,0.13741367830661533,0.8477113132780106,static_equal_adversarial_3
static_equal,adversarial,4,270,2.0,5.568732778573143,6.502890663743419,0.0,3.377142174269419,3.4505797070139677,130563,0.0,0.02227629629613951,0.04995400000439078,0.13571226446306678,0.8575122785770829,static_equal_adversarial_4
static_equal,adversarial,5,270,2.0,5.607164947387406,6.252564718138241,0.0,3.37933549323189,3.395572560691309,131112,0.0,0.020477777778709103,0.03373100000658266,0.1354997262094728,0.8518016793899126,static_equal_adversarial_5
static_equal,adversarial,6,270,2.0,5.472685222609274,6.356060832514935,0.003703703703703704,3.3666029111856117,3.425563430408296,129108,0.014814814814814815,0.021494814814973152,0.04639800000148849,0.13328658966250984,0.853112232367318,static_equal_adversarial_6
static_equal,adversarial,7,270,2.0,5.625284193037326,6.099344381025329,0.0,3.384704078117809,3.3873986851600524,127827,0.0,0.021867777767241615,0.04627200004506445,0.14190536056217826,0.851709558290502,static_equal_adversarial_7
static_equal,adversarial,8,270,2.0,5.552594937325685,6.181713331883795,0.0,3.382882941733922,3.4274267498741255,126803,0.0,0.022028148141880883,0.043110000037813706,0.14654636964565684,0.8552422562081079,static_equal_adversarial_8
static_equal,adversarial,9,270,2.0,5.558653008147479,6.193768427409631,0.0,3.3769156625513403,3.3175327582279097,128661,0.0,0.021729629624873965,0.0407979999613417,0.1372719855806551,0.843630421222381,static_equal_adversarial_9
static_equal,burst,0,270,2.0,3.3375564942759,3.4304066109645897,0.0,2.641968216977421,3.7256249955376184,84785,0.0,0.022583703701086543,0.07859399991048124,0.18755446045275945,0.935963417221677,static_equal_burst_0
static_equal,burst,1,270,2.0,3.387694520821102,3.556418774920282,0.0,2.638341632743615,3.7496058299356334,85171,0.0,0.022211851851784096,0.04399500000133112,0.18705344928354153,0.9387864215964818,static_equal_burst_1
static_equal,burst,2,270,2.0,3.4148405913672293,3.5228753701312483,0.0,2.663210038436872,3.73498949255971,82035,0.0,0.021834814818972734,0.04315099997256763,0.19607068862047855,0.9402330151817738,static_equal_burst_2
static_equal,burst,3,270,2.0,3.390398843285814,3.478395078219317,0.0,2.651392505243573,3.744735902829401,84692,0.0,0.024175185186086936,0.04514699999617732,0.18927688316479493,0.939505485718633,static_equal_burst_3
static_equal,burst,4,270,2.0,3.4030847494085332,3.5641247163595207,0.0,2.6546644912230613,3.7550970001481625,85270,0.0,0.025018148144900523,0.057579000058467514,0.1886304702378621,0.9415586689313852,static_equal_burst_4
static_equal,burst,5,270,2.0,3.4169033455485356,3.5324917927152413,0.0,2.6412225237529063,3.7274006353965072,85991,0.0,0.024281111114356012,0.0472620000186907,0.18485316032607466,0.9372868017641005,static_equal_burst_5
static_equal,burst,6,270,2.0,3.382422475267143,3.498072546381544,0.0,2.634057392903449,3.803252873960289,89999,0.0,0.021426666670423453,0.03866200001766623,0.17750554773137578,0.9432867149674312,static_equal_burst_6
static_equal,burst,7,270,2.0,3.3932626143032367,3.5035418439339883,0.0,2.6460152436912576,3.7629928951993112,83994,0.0,0.023281851853156378,0.04679600009239948,0.19083797789177176,0.9406760938077335,static_equal_burst_7
static_equal,burst,8,270,2.0,3.396240475485696,3.509733749546343,0.0,2.6461725074446893,3.7888546054933276,82767,0.0,0.023292592595680568,0.04647499996735856,0.19435622224260207,0.9438470448618563,static_equal_burst_8
static_equal,burst,9,270,2.0,3.367036185817393,3.5411059262013853,0.0,2.63604724263247,3.6819165271339944,84038,0.0,0.02376518518490098,0.045157999997798,0.18731110896615566,0.9315953343984809,static_equal_burst_9
static_equal,ramp,0,270,2.0,2.6031749616159994,2.6308528084687843,0.0,2.9074788872721955,3.4191366439584168,50777,0.0,0.022235925924692094,0.04598200000543781,0.28048421026819426,0.883538977440679,static_equal_ramp_0
static_equal,ramp,1,270,2.0,2.5846678229595663,2.639735807374407,0.0,2.8981378375040525,3.4195792401348526,51648,0.0,0.023461851851101886,0.04807899999150325,0.2776278276211175,0.8813077576505186,static_equal_ramp_1
static_equal,ramp,2,270,2.0,2.5779179070401117,2.65394262166936,0.0,2.9028901332821455,3.4527116922677283,51422,0.0,0.023392962959776335,0.0515550000568509,0.2795992529851352,0.886312779156183,static_equal_ramp_2
static_equal,ramp,3,270,2.0,2.517264997763684,2.6243425742491366,0.0,2.9068561259804193,3.4317983760529533,51752,0.0,0.021419629630751492,0.03572700003019235,0.27863511943518604,0.8834656820364495,static_equal_ramp_3
static_equal,ramp,4,270,2.0,2.5575634589829033,2.6716442616315796,0.0,2.8985955093330267,3.5407822260852773,51503,0.0,0.02062888888590177,0.044132999960311226,0.2816319066047498,0.8944643780222417,static_equal_ramp_4
static_equal,ramp,5,270,2.0,2.5860728847084333,2.6525967996786486,0.0,2.8955421797760286,3.4656486399679975,51074,0.0,0.022372592591350562,0.04004000002396422,0.280025899398865,0.8853666231495534,static_equal_ramp_5
static_equal,ramp,6,270,2.0,2.5568479512246762,2.612581235891087,0.0,2.9102075805381578,3.4526348881989626,50391,0.0,0.025756296296332512,0.06580599999800538,0.2826198046997846,0.8856917609829988,static_equal_ramp_6
static_equal,ramp,7,270,2.0,2.5185637405349732,2.6110739743300333,0.0,2.9099943382877456,3.4204206833085244,50361,0.0,0.022526666671856845,0.03798599997935518,0.28169872099469684,0.8828225745498118,static_equal_ramp_7
static_equal,ramp,8,270,2.0,2.529233744881328,2.6708765041996463,0.0,2.9086071627150614,3.44104255604617,51276,0.0,0.021170370370342563,0.03799199999953371,0.2801453262862245,0.884565897295728,static_equal_ramp_8
static_equal,ramp,9,270,2.0,2.5657337085376937,2.670934269081877,0.0,2.8962440397424305,3.445011070706331,50471,0.0,0.02195592592592009,0.03473100000086047,0.2808169583176552,0.8846834316295782,static_equal_ramp_9
static_equal,sawtooth,0,270,2.0,3.3496438498123045,3.5002278137554774,0.0,2.9978810033656984,3.520842836112487,38281,0.0,0.02315370370335278,0.03874999996526179,0.32034449653105546,0.8741352397009603,static_equal_sawtooth_0
static_equal,sawtooth,1,270,2.0,3.392519720480555,3.5516998598729925,0.0,2.992328566030776,3.5450884910476974,39891,0.0,0.021543703707670274,0.06138399995279545,0.31693884466784183,0.8759842462705663,static_equal_sawtooth_1
static_equal,sawtooth,2,270,2.0,3.3348558186969743,3.529530553986674,0.0,2.990857918371406,3.4919332439340898,37929,0.0,0.021537037036557183,0.045799999987821104,0.3195571224884966,0.8710195058774348,static_equal_sawtooth_2
static_equal,sawtooth,3,270,2.0,3.311405386920542,3.545233107259267,0.0,3.0012241506259407,3.4673009855679795,40194,0.0,0.02315555555562102,0.0444929999821397,0.3148214446296334,0.8691620491846449,static_equal_sawtooth_3
static_equal,sawtooth,4,270,2.0,3.383149097705476,3.621565331555776,0.0,2.9800267809492076,3.4254758364705546,36750,0.0,0.022974814813820778,0.05910900000912985,0.31910028652237077,0.8630951504271855,static_equal_sawtooth_4
static_equal,sawtooth,5,270,2.0,3.2721884465080233,3.458576182714489,0.0,3.0035323165906243,3.456941066153233,37212,0.0,0.02090296296292212,0.04112700000026942,0.32136813031032607,0.8680125277029097,static_equal_sawtooth_5
static_equal,sawtooth,6,270,2.0,3.3364924991189184,3.546547579910432,0.0,3.029200075324027,3.449243477854333,37268,0.0,0.021095555553074467,0.03915299998539009,0.3235795340902549,0.8697256420613274,static_equal_sawtooth_6
static_equal,sawtooth,7,270,2.0,3.2857175290006158,3.5303175038839107,0.0,3.023779373695512,3.455896673679317,38237,0.0,0.022473703703801164,0.04617500000499319,0.32108372646881955,0.8700126156775567,static_equal_sawtooth_7
static_equal,sawtooth,8,270,2.0,3.3299621849511625,3.5580455179217614,0.0,2.996969074206591,3.4782413359073985,38361,0.0,0.021029629629167663,0.038225999978749294,0.3187974808312144,0.8700279831908434,static_equal_sawtooth_8
static_equal,sawtooth,9,270,2.0,3.297516884806265,3.58090742994813,0.0,2.989782199319087,3.4770619318602747,39104,0.0,0.0224329629629067,0.04091900000048552,0.31639230010993913,0.8690392777085298,static_equal_sawtooth_9
static_safe,adversarial,0,270,2.0,2.9341494004245843,3.727053852926272,0.0,2.0,3.4427251958099534,157539,0.0,0.02144814814778745,0.04213399999770211,-0.04680491079236802,0.7183075958053066,static_safe_adversarial_0
static_safe,adversarial,1,270,2.0,2.851037638442572,3.3400086503484365,0.0,2.0,3.4806117334578848,157996,0.0,0.020460370373072002,0.03752700001541595,-0.04668387021848564,0.7210653342203939,static_safe_adversarial_1
static_safe,adversarial,2,270,2.0,2.8741574121467863,3.43564801064982,0.0,2.0,3.4399971358668906,155345,0.0,0.01996037036338676,0.046619999952781606,-0.04201119703510435,0.7170417750745716,static_safe_adversarial_2
static_safe,adversarial,3,270,2.0,3.0613629101489868,3.7314516459404516,0.0,2.0,3.421796696428811,159025,0.0,0.021560370370446093,0.05143599999984258,-0.05073498799602451,0.7160550926739383,static_safe_adversarial_3
static_safe,adversarial,4,270,2.0,2.0,3.310053798386079,0.0,2.0,3.4838400692564426,160799,0.0,0.019918888888631216,0.03673000000389948,-0.05281590903341779,0.7231240973743884,static_safe_adversarial_4
static_safe,adversarial,5,270,2.0,2.927491692042262,3.9687803987637937,0.0,2.0,3.4471610005429523,160987,0.0,0.02124740741591162,0.03690500012680783,-0.054334058872600274,0.719026974051888,static_safe_adversarial_5
static_safe,adversarial,6,270,2.0,3.0253559980726132,4.029342487562618,0.0,2.0,3.469041508253341,158878,0.0,0.02126555555477163,0.03467800000123583,-0.04899097697462196,0.7207997490332614,static_safe_adversarial_6
static_safe,adversarial,7,270,2.0,2.3159226221764846,3.4077128642265637,0.0,2.0,3.4128012988018153,158412,0.0,0.023375555560455168,0.04229799997119695,-0.04964262770261217,0.7157794118428973,static_safe_adversarial_7
static_safe,adversarial,8,270,2.0,2.9994607743411064,3.8983565775173625,0.0,2.0,3.4735699638405393,156878,0.0,0.02079148148157868,0.03693399997416684,-0.044410678862561566,0.7215682834313571,static_safe_adversarial_8
static_safe,adversarial,9,270,2.0,2.9141008757107754,3.675607056760825,0.0,2.0,3.3575473697902343,158742,0.0,0.02106962963521419,0.03934700005629562,-0.052033578906292934,0.7099403161234794,static_safe_adversarial_9
static_safe,burst,0,270,2.0,2.0,2.0,0.0,1.9744037044479712,3.816396699943467,97767,0.0,0.020127407407402244,0.03706799999804382,0.09467227144310117,0.8782852322177693,static_safe_burst_0
static_safe,burst,1,270,2.0,2.0,2.0,0.0,1.9775807185879135,3.844385142288402,97971,0.0,0.01997703703769574,0.03598200001107437,0.0953762927941101,0.8821897899248633,static_safe_burst_1
static_safe,burst,2,270,2.0,2.0,2.0,0.0,1.9822537213432303,3.810121299735471,95666,0.0,0.021824074076869614,0.03882299997371768,0.09993790001527605,0.8796505641899857,static_safe_burst_2
static_safe,burst,3,270,2.0,2.0,2.0,0.0,1.9775108668159582,3.8526540885593605,97465,0.0,0.020240000000521112,0.038618000003225475,0.09674182044948777,0.8829091404488675,static_safe_burst_3
static_safe,burst,4,270,2.0,2.0,2.0,0.0,1.9768760020090548,3.882871269858456,97684,0.0,0.02034814814819621,0.04596299999420234,0.09709818274110366,0.886557246981014,static_safe_burst_4
static_safe,burst,5,270,2.0,2.0,2.0,0.0,1.9762385354160503,3.8260805153338437,98759,0.0,0.01967925925906974,0.03638599999888463,0.09294182455717592,0.880657869606079,static_safe_burst_5
static_safe,burst,6,270,2.0,2.0,2.0,0.0,1.979312252645202,3.92788077523363,101925,0.0,0.021186296297586206,0.03995100004885893,0.0892676485215291,0.8902749910689406,static_safe_burst_6
static_safe,burst,7,270,2.0,2.0,2.0,0.0,1.973553004551383,3.871545701748798,96697,0.0,0.020528518518503302,0.04491000000022894,0.09861944928538006,0.8842851505486948,static_safe_burst_7
static_safe,burst,8,270,2.0,2.0,2.0,0.0,1.980675384625167,3.8901536924615647,95469,0.0,0.02028518518702382,0.0385000000164836,0.10261881590303036,0.8874274482494893,static_safe_burst_8
static_safe,burst,9,270,2.0,2.0,2.0,0.0,1.976401003109437,3.79557165843603,96331,0.0,0.020815185183875137,0.04444099999204802,0.09743836117513571,0.8769974720358983,static_safe_burst_9
static_safe,ramp,0,270,2.0,2.0,2.0,0.0,1.8508513799777266,3.433693879181657,74224,0.0,0.02095740740565407,0.03437099990378549,0.12315373215100017,0.7793319502335561,static_safe_ramp_0
static_safe,ramp,1,270,2.0,2.0,2.0,0.0,1.8454873071611069,3.42697432199617,75150,0.0,0.021139629631374206,0.04130500001451764,0.12035796037599579,0.7767815507801176,static_safe_ramp_1
static_safe,ramp,2,270,2.0,2.0,2.0,0.0,1.842710657901658,3.467317165249547,74947,0.0,0.02080407407279208,0.03484099991510443,0.1217416918587633,0.7817553789163162,static_safe_ramp_2
static_safe,ramp,3,270,2.0,2.0,2.0,0.0,1.8448208635820342,3.442860318887716,75404,0.0,0.020528148148273338,0.04744900000005709,0.12020345148039045,0.7783683584780114,static_safe_ramp_3
static_safe,ramp,4,270,2.0,2.0,2.0,0.0,1.8454435425060494,3.561963475331235,74723,0.0,0.020264814816073288,0.03977899996698395,0.12535214739943087,0.7912673062641398,static_safe_ramp_4
static_safe,ramp,5,270,2.0,2.0,2.0,0.0,1.8413766151488045,3.478564239295456,74520,0.0,0.021798148149324893,0.04598900006385519,0.12289458869374412,0.7812422562071908,static_safe_ramp_5
static_safe,ramp,6,270,2.0,2.0,2.0,0.0,1.848739546879284,3.4676408385191215,73937,0.0,0.021728518516249927,0.04495799992810131,0.12459873539905762,0.7810455526491275,static_safe_ramp_6
static_safe,ramp,7,270,2.0,2.0,2.0,0.0,1.843473319610577,3.4292534206272647,74158,0.0,0.02098962962564752,0.04335999994736988,0.1224293790243201,0.7770532336771234,static_safe_ramp_7
static_safe,ramp,8,270,2.0,2.0,2.0,0.0,1.8480777102047936,3.455300213339801,74817,0.0,0.019914814810430493,0.03955500000870411,0.12220677742067342,0.7799385947713761,static_safe_ramp_8
static_safe,ramp,9,270,2.0,2.0,2.0,0.0,1.8460036946027698,3.460122691611357,73760,0.0,0.020117777777765345,0.0405019999965361,0.12449293909750662,0.7811705592061148,static_safe_ramp_9
static_safe,sawtooth,0,270,2.0,2.0,2.0,0.0,1.9921984835007058,3.5506079819173832,60199,0.0,0.020415925929160837,0.03454700003544525,0.1719625322520365,0.7765435022949507,static_safe_sawtooth_0
static_safe,sawtooth,1,270,2.0,2.0,2.0,0.0,1.9975989795412894,3.5823450090178537,61434,0.0,0.02174888888741099,0.051882000024647816,0.17071024822466457,0.7802369394186333,static_safe_sawtooth_1
static_safe,sawtooth,2,270,2.0,2.0,2.0,0.0,1.9944421024475172,3.5083679706896294,59978,0.0,0.020444814814768817,0.0409929999998404,0.17141080492099617,0.7730213969606,static_safe_sawtooth_2
static_safe,sawtooth,3,270,2.0,2.0,2.0,0.0,1.994414456506443,3.488570699276844,62353,0.0,0.019712962963351524,0.03718799999994356,0.16553634440672738,0.7706080511435816,static_safe_sawtooth_3
static_safe,sawtooth,4,270,2.0,2.0,2.0,0.0,1.9971283671919018,3.4501675458295273,58288,0.0,0.021711111110612816,0.047068000025092226,0.17368897420518717,0.7672744799873522,static_safe_sawtooth_4
static_safe,sawtooth,5,270,2.0,2.0,2.0,0.0,1.9957478551360093,3.464883713991991,59709,0.0,0.020918518518416036,0.08371700000104454,0.17083463026669396,0.768028346341324,static_safe_sawtooth_5
static_safe,sawtooth,6,270,2.0,2.0,2.0,0.0,1.9981110480074635,3.466631742839169,60049,0.0,0.020945185183420596,0.038085999980239614,0.17036783486369916,0.7683555658281545,static_safe_sawtooth_6
static_safe,sawtooth,7,270,2.0,2.0,2.0,0.0,1.9982162059852662,3.4688675561496427,61007,0.0,0.019811111112041365,0.043596000055003914,0.16831653617190478,0.7687533871535648,static_safe_sawtooth_7
static_safe,sawtooth,8,270,2.0,2.0,2.0,0.0,1.9932583960648222,3.4899285523927066,60666,0.0,0.02119000000001737,0.037171999953216045,0.16921036284493007,0.7708256370251974,static_safe_sawtooth_8
static_safe,sawtooth,9,270,2.0,2.0,2.0,0.0,1.9920708952758683,3.4964691831534096,61076,0.0,0.020816296293762363,0.04577899995183538,0.16837672057774464,0.7712088724335215,static_safe_sawtooth_9
threshold,adversarial,0,270,2.7409276961050493,3.8633474884765633,14.003370843217931,0.02962962962962963,4.9305986034403295,3.139429654000945,98465,0.02962962962962963,0.03738777778186916,0.06791700004100673,0.25880742894135617,0.9810385927258292,threshold_adversarial_0
threshold,adversarial,1,270,2.75244145675724,4.42200435843203,12.93433103810716,0.02962962962962963,4.936755962819135,3.1394563591199276,99609,0.02962962962962963,0.03734111111102548,0.07730099999122331,0.26038775556848415,0.9806253258053031,threshold_adversarial_1
threshold,adversarial,2,270,2.750513819371797,3.8065855943978404,13.287821574695615,0.02962962962962963,4.976347978805656,3.1089475237301194,95811,0.02962962962962963,0.04146111111190795,0.12491400001067651,0.27432882193079294,0.9815716062411569,threshold_adversarial_2
threshold,adversarial,3,270,2.734379117530896,4.409357737301725,13.623351441003047,0.03333333333333333,4.896824017007016,3.093644260021901,101231,0.02962962962962963,0.038479629630795924,0.06617199999368495,0.2201469289582025,0.972922188126731,threshold_adversarial_3
threshold,adversarial,4,270,2.7422503440028807,4.727978754684995,13.042686986611606,0.02962962962962963,4.940441176460497,3.0980025055815927,103359,0.02962962962962963,0.03871629629362287,0.0643470001068635,0.252022337977466,0.9785844474165561,threshold_adversarial_4
threshold,adversarial,5,270,2.7785348973820483,4.144778942372167,13.193641640507115,0.02962962962962963,4.90084394613287,3.1570902052215435,102241,0.02962962962962963,0.039787407413145744,0.07356100005381444,0.2512483975611661,0.980104020650056,threshold_adversarial_5
threshold,adversarial,6,270,2.7526695612491148,4.279712729588566,12.108733151488995,0.02962962962962963,4.9183479287071155,3.1344746871621667,100743,0.02962962962962963,0.03794222222139789,0.0719669999827488,0.2586374435529531,0.9791772496062499,threshold_adversarial_6
threshold,adversarial,7,270,2.722546762817213,4.565997087045581,12.608862411710499,0.02962962962962963,4.976534794965896,3.090114910053644,98739,0.02962962962962963,0.0380933333334854,0.07451299999729596,0.2654011899182427,0.9811642762587073,threshold_adversarial_7
threshold,adversarial,8,270,2.752430962217114,3.782166773161286,13.002885107015112,0.02962962962962963,4.939719649854724,3.1093545301255694,98933,0.02962962962962963,0.038535185182000595,0.0664769999548298,0.2608888388190924,0.9791186653942165,threshold_adversarial_8
threshold,adversarial,9,270,2.7261361570785847,4.21524254631156,12.922452479708499,0.02962962962962963,4.947588309924577,3.0789769982197805,98706,0.02962962962962963,0.03810444444777907,0.07032700003605889,0.2588232504316677,0.9768423210975967,threshold_adversarial_9
threshold,burst,0,270,2.0,5.242442069823839,8.121229219536117,0.014814814814814815,2.7457555870476122,3.5857846859173654,85596,0.040740740740740744,0.03661111110709999,0.11481799993589441,0.14638839909744128,0.9323581232666711,threshold_burst_0
threshold,burst,1,270,2.0,5.301347851397348,8.330471757860055,0.014814814814814815,2.745463513290026,3.6288759579997714,85465,0.05185185185185185,0.03516518518638261,0.06594700000675857,0.14695292503900736,0.9374234942406431,threshold_burst_1
threshold,burst,2,270,2.0,5.318448533831506,8.654633441150901,0.014814814814814815,2.7696124941524563,3.6177115423488866,82280,0.037037037037037035,0.033748888888798845,0.059671999996595476,0.15540579869334065,0.9391434904930915,threshold_burst_2
threshold,burst,3,270,2.0,5.290973915800308,8.212251690164187,0.014814814814814815,2.753031726479048,3.630146371649455,84948,0.04814814814814815,0.03393962963232125,0.07297900006733475,0.14932340248556045,0.9382067070907042,threshold_burst_3
threshold,burst,4,270,2.0,5.299345053427329,8.497580262746935,0.014814814814814815,2.788364029463159,3.620558636299824,85253,0.037037037037037035,0.034388888890067276,0.062044999940553666,0.15052742477132575,0.9414713436299329,threshold_burst_4
threshold,burst,5,270,2.0,5.292812406953355,8.891538155531808,0.014814814814814815,2.7562355173703894,3.596031109010182,86359,0.02962962962962963,0.033788888888766286,0.06635400000192247,0.14368102230761903,0.9356490494162876,threshold_burst_5
threshold,burst,6,270,2.0,5.27185822730973,8.287936685788853,0.014814814814814815,2.775969511184326,3.670701135108957,89787,0.040740740740740744,0.034579999996990525,0.05732299998385308,0.14179573312894259,0.9442206070173145,threshold_burst_6
threshold,burst,7,270,2.0,5.255591038407806,8.529229562627787,0.018518518518518517,2.72107247639869,3.647555292402451,84902,0.05185185185185185,0.03536000000942156,0.07993599999963405,0.13693961254337914,0.9366380567987909,threshold_burst_7
threshold,burst,8,270,2.0,5.280322215807532,8.42627151792675,0.018518518518518517,2.7178685588980294,3.675086536857667,83688,0.05555555555555555,0.036014444448803085,0.08908500000984536,0.14164178471167516,0.9396366113687602,threshold_burst_8
threshold,burst,9,270,2.0,5.242131095264623,8.673865916497208,0.014814814814814815,2.757669654260061,3.5437456974487533,84411,0.040740740740740744,0.03390962962704949,0.06450299995549352,0.14587026311722842,0.929938532992226,threshold_burst_9
threshold,ramp,0,270,2.944031255622095,4.250579081218122,5.426009491447519,0.0,3.383371133990877,3.3185859562604976,42305,0.02962962962962963,0.03720185185287572,0.1043629999685436,0.3418230673246028,0.921071329348439,threshold_ramp_0
threshold,ramp,1,270,2.699403271042387,4.239117956480339,5.539726744565269,0.0,3.3951054170655706,3.3036511627776464,43075,0.040740740740740744,0.04263444445095278,0.18882899992604554,0.33930209462802474,0.9194126708472014,threshold_ramp_1
threshold,ramp,2,270,2.8506064817869055,4.2461088172256325,5.6172700677837675,0.0,3.3704880939626296,3.3535598423867836,43166,0.037037037037037035,0.03926481481399871,0.10045700000546277,0.3391201087631394,0.9231576672940893,threshold_ramp_2
threshold,ramp,3,270,2.9205626172938057,4.272799655512216,5.5456118853324075,0.0,3.3975524229466996,3.3378867627762743,42848,0.04814814814814815,0.038563703699983944,0.08775900001637639,0.34026107642812203,0.923144142543963,threshold_ramp_3
threshold,ramp,4,270,3.110481179520712,4.21219010119418,5.59769050915007,0.0,3.353924048110054,3.41784844762317,44026,0.025925925925925925,0.03730037037122971,0.1120730000047842,0.3376822813192405,0.9277051018946891,threshold_ramp_4
threshold,ramp,5,270,2.8835970342762556,4.204466993972186,5.528875414817124,0.0,3.3627703058122846,3.3665961165804865,42769,0.025925925925925925,0.04080518518460643,0.10743400000592368,0.33925221711440506,0.922183701023803,threshold_ramp_5
threshold,ramp,6,270,3.282568054060504,4.179352069668721,4.300172666532178,0.0,3.358072257665061,3.347202537231495,42694,0.018518518518518517,0.03518888888720535,0.08297400001310962,0.3411782492021072,0.9199351548002641,threshold_ramp_6
threshold,ramp,7,270,2.667206540799075,4.197703249190121,5.464197964742044,0.0,3.374574906299222,3.3359798295331617,41847,0.03333333333333333,0.03934666667225458,0.10565700000256584,0.34294182707270143,0.9208385116643901,threshold_ramp_7
threshold,ramp,8,270,2.92728500012786,4.219784122180308,5.381910356007783,0.0,3.3642632572029965,3.363395691969492,42749,0.037037037037037035,0.04047777777663613,0.1117350000072292,0.34001481170472003,0.9223651068614822,threshold_ramp_8
threshold,ramp,9,270,3.1653395208677555,4.206451705899861,5.246366892019662,0.0,3.358252721152667,3.355408995061522,42052,0.025925925925925925,0.036896666664755697,0.09767699999997599,0.34166625796426364,0.9219230315652491,threshold_ramp_9
threshold,sawtooth,0,270,2.203788967279076,5.332694195702809,6.274284517919456,0.007407407407407408,3.535332652470313,3.390897807193696,29112,0.08518518518518518,0.03786370371101464,0.11338799991790434,0.36295797980712075,0.9148859017195428,threshold_sawtooth_0
threshold,sawtooth,1,270,2.0,5.35411702178413,7.0944606285312,0.011111111111111112,3.5107869527632527,3.3936749093833303,31633,0.1037037037037037,0.040928518518512605,0.11287900000048977,0.34535032890366646,0.9126887267773771,threshold_sawtooth_1
threshold,sawtooth,2,270,2.0,5.2826486699181086,6.176953457989065,0.007407407407407408,3.527067214817224,3.376440592393726,28463,0.07407407407407407,0.04155259259690592,0.13254800001732303,0.36213889330810833,0.9130911703679804,threshold_sawtooth_2
threshold,sawtooth,3,270,2.4376728767961886,5.3026643592949085,5.931437731894199,0.003703703703703704,3.5842484014962506,3.359595249534117,29500,0.07777777777777778,0.04082629629625372,0.12377000001606575,0.3758907817216564,0.9166939006682896,threshold_sawtooth_3
threshold,sawtooth,4,270,2.0,5.341728989554993,6.515089833529447,0.011111111111111112,3.4837102899284225,3.2890171163597364,28487,0.0962962962962963,0.03960518518279391,0.10846500004959121,0.34710436836794606,0.8998176293140251,threshold_sawtooth_4
threshold,sawtooth,5,270,2.0,5.2541600841248215,5.911050485786609,0.007407407407407408,3.5630832120927614,3.328163621696977,27520,0.09259259259259259,0.039229999999994165,0.11618600000019792,0.3684676578302595,0.911089872807498,threshold_sawtooth_5
threshold,sawtooth,6,270,2.0,5.409196555162416,7.199136446633656,0.011111111111111112,3.5662075418054493,3.3476579427123485,27472,0.1,0.03975148148482626,0.110454000032405,0.3565703213901473,0.9132678351952712,threshold_sawtooth_6
threshold,sawtooth,7,270,2.0,5.284735015728208,8.416938185849625,0.014814814814814815,3.55980916073263,3.3377251659317757,28836,0.11481481481481481,0.04077703703328717,0.1058610000620774,0.34385715745455175,0.9117984436065143,threshold_sawtooth_7
threshold,sawtooth,8,270,2.0,5.343658952148613,7.370353671165731,0.011111111111111112,3.5286201963294515,3.36718894886107,28897,0.08888888888888889,0.03817222222226987,0.11588899999495081,0.34970615483162165,0.9120878566984966,threshold_sawtooth_8
threshold,sawtooth,9,270,2.0,5.328226201497081,6.273201222649349,0.011111111111111112,3.520238597995717,3.3409486879607813,30232,0.11481481481481481,0.03984962962956863,0.11222400001656747,0.3495921081062928,0.9084735931862435,threshold_sawtooth_9
