w_sla,w_drop,policy,scenario,seed,mean_reward,sla_violation_rate,embb_goodput_mbps,urllc_rtt_p95_ms,guardrail_intervention_rate
0.25,0.0,static_safe,adversarial,100,0.30307359920752563,0.0,2.0,3.2009041157100344,0.0
0.25,0.0,static_safe,adversarial,101,0.30112182824825795,0.0,2.0,3.013786333761693,0.0
0.25,0.0,static_safe,adversarial,102,0.30174077907115293,0.0,2.0,2.9657279839046975,0.0
0.25,0.0,static_safe,burst,100,0.3142077500084346,0.0,1.9702268035342274,2.0,0.0
0.25,0.0,static_safe,burst,101,0.31214131757346136,0.0,1.9833226062358258,2.0,0.0
0.25,0.0,static_safe,burst,102,0.3132875453756044,0.0,1.9830109600958732,2.0,0.0
0.25,0.0,static_safe,ramp,100,0.28705129836742915,0.0,1.84938778204917,2.0,0.0
0.25,0.0,static_safe,ramp,101,0.2892517321738679,0.0,1.8436361776096581,2.0,0.0
0.25,0.0,static_safe,ramp,102,0.28805018147752015,0.0,1.8448302751377692,2.0,0.0
0.25,0.0,static_safe,sawtooth,100,0.3032142265227904,0.0,1.9922297255918575,2.0,0.0
0.25,0.0,static_safe,sawtooth,101,0.3064963108007106,0.0,1.9941276136904849,2.0,0.0
0.25,0.0,static_safe,sawtooth,102,0.30439157184336363,0.0,1.9980622480420578,2.0,0.0
0.25,0.0,static_equal,adversarial,100,0.4380151948804797,0.0,3.395242005285787,5.68241230099818,0.0
0.25,0.0,static_equal,adversarial,101,0.4355900541364694,0.0,3.3909151877580483,5.526508884914903,0.0
0.25,0.0,static_equal,adversarial,102,0.4352977311418427,0.0,3.381531376091246,5.510993157443726,0.0
0.25,0.0,static_equal,burst,100,0.3775373848913541,0.0,2.638148374219868,3.375821129945088,0.0
0.25,0.0,static_equal,burst,101,0.3775096802468299,0.0,2.6683406589690977,3.4143939649152855,0.0
0.25,0.0,static_equal,burst,102,0.3777720270775433,0.0,2.661359340253915,3.3925483282844473,0.0
0.25,0.0,static_equal,ramp,100,0.3948333766664478,0.0,2.9287886320373016,2.526728700100383,0.0
0.25,0.0,static_equal,ramp,101,0.3941825749943233,0.0,2.8975205928722274,2.536807776822698,0.0
0.25,0.0,static_equal,ramp,102,0.39338289264567095,0.0,2.9018801010636865,2.537603211412665,0.0
0.25,0.0,static_equal,sawtooth,100,0.4048063203118402,0.0,3.0121610446016285,3.2987672210325774,0.0
0.25,0.0,static_equal,sawtooth,101,0.405753391021296,0.0,2.9950740655246606,3.289924767956022,0.0
0.25,0.0,static_equal,sawtooth,102,0.40474294810177,0.0,3.008194130571307,3.356470848367056,0.0
0.25,0.0,threshold,adversarial,100,0.5004985761325551,0.03333333333333333,4.8832488991682705,3.8319866141594794,0.040740740740740744
0.25,0.0,threshold,adversarial,101,0.5174992286937281,0.02962962962962963,4.967442341304454,4.624337027824596,0.02962962962962963
0.25,0.0,threshold,adversarial,102,0.5175855493292469,0.02962962962962963,4.957057590422353,3.8162045194398626,0.02962962962962963
0.25,0.0,threshold,burst,100,0.35301942630584887,0.014814814814814815,2.7736888799912043,5.247695647402504,0.037037037037037035
0.25,0.0,threshold,burst,101,0.3515421361234539,0.014814814814814815,2.788924174004335,5.265976613934069,0.037037037037037035
0.25,0.0,threshold,burst,102,0.35410536922304325,0.014814814814814815,2.796853762684271,5.328117909824268,0.044444444444444446
0.25,0.0,threshold,ramp,100,0.4388930619954408,0.0,3.3999737342753846,4.214598528794499,0.037037037037037035
0.25,0.0,threshold,ramp,101,0.4268152919439977,0.003703703703703704,3.3375831689658244,4.198676597750054,0.03333333333333333
0.25,0.0,threshold,ramp,102,0.4364868534471915,0.0,3.3654325221508907,4.1903288488059856,0.02962962962962963
0.25,0.0,threshold,sawtooth,100,0.4100496535011326,0.018518518518518517,3.5135522107160293,5.300167895106024,0.08888888888888889
0.25,0.0,threshold,sawtooth,101,0.4381151461184541,0.007407407407407408,3.542093561839008,5.234362730394207,0.08148148148148149
0.25,0.0,threshold,sawtooth,102,0.41093522568395763,0.018518518518518517,3.5335246483879126,5.409917894466877,0.09259259259259259
0.25,0.0,linucb,adversarial,100,0.45461043088742464,0.03333333333333333,4.327635033052073,5.730927570580117,0.14444444444444443
0.25,0.0,linucb,adversarial,101,0.4670668543295116,0.037037037037037035,4.553282916392268,5.392977919192331,0.15555555555555556
0.25,0.0,linucb,adversarial,102,0.4315761799848792,0.037037037037037035,4.19574484701323,4.994000089300521,0.14814814814814814
0.25,0.0,linucb,burst,100,0.3819470709831374,0.003703703703703704,2.83048129216362,5.259266274260707,0.018518518518518517
0.25,0.0,linucb,burst,101,0.3715775258829902,0.007407407407407408,2.827391812544799,5.256133028821166,0.17777777777777778
0.25,0.0,linucb,burst,102,0.38097051240505575,0.003703703703703704,2.8435777842192844,5.253984732905395,0.037037037037037035
0.25,0.0,linucb,ramp,100,0.4237616713602511,0.003703703703703704,3.3579127825184125,5.557604616656952,0.3962962962962963
0.25,0.0,linucb,ramp,101,0.4248285962321899,0.003703703703703704,3.350340679549477,5.5141651075952725,0.43333333333333335
0.25,0.0,linucb,ramp,102,0.4319643311284529,0.0,3.3542599667388875,5.560315357003787,0.43703703703703706
0.25,0.0,linucb,sawtooth,100,0.42747714834960715,0.007407407407407408,3.4315282056542107,5.188189544067424,0.08518518518518518
0.25,0.0,linucb,sawtooth,101,0.4196578662091014,0.011111111111111112,3.410648581725186,5.321121292553121,0.09259259259259259
0.25,0.0,linucb,sawtooth,102,0.4159904479462506,0.011111111111111112,3.407056190692209,5.388314982860805,0.12962962962962962
0.25,0.5,static_safe,adversarial,100,-0.04299084523691879,0.0,2.0,3.2009041157100344,0.0
0.25,0.5,static_safe,adversarial,101,-0.04500706064063098,0.0,2.0,3.013786333761693,0.0
0.25,0.5,static_safe,adversarial,102,-0.05967033203995815,0.0,2.0,2.9657279839046975,0.0
0.25,0.5,static_safe,burst,100,0.09839886111954572,0.0,1.9702268035342274,2.0,0.0
0.25,0.5,static_safe,burst,101,0.09548353979568355,0.0,1.9833226062358258,2.0,0.0
0.25,0.5,static_safe,burst,102,0.0977408787089377,0.0,1.9830109600958732,2.0,0.0
0.25,0.5,static_safe,ramp,100,0.11840240947854032,0.0,1.84938778204917,2.0,0.0
0.25,0.5,static_safe,ramp,101,0.12463839884053461,0.0,1.8436361776096581,2.0,0.0
0.25,0.5,static_safe,ramp,102,0.11875462592196458,0.0,1.8448302751377692,2.0,0.0
0.25,0.5,static_safe,sawtooth,100,0.1670742265227904,0.0,1.9922297255918575,2.0,0.0
0.25,0.5,static_safe,sawtooth,101,0.17399408857848844,0.0,1.9941276136904849,2.0,0.0
0.25,0.5,static_safe,sawtooth,102,0.17033379406558585,0.0,1.9980622480420578,2.0,0.0
0.25,0.5,static_equal,adversarial,100,0.16006630599159083,0.0,3.395242005285787,5.68241230099818,0.0
0.25,0.5,static_equal,adversarial,101,0.15661227635869165,0.0,3.3909151877580483,5.526508884914903,0.0
0.25,0.5,static_equal,adversarial,102,0.14013550891962054,0.0,3.381531376091246,5.510993157443726,0.0
0.25,0.5,static_equal,burst,100,0.18944182933579856,0.0,2.638148374219868,3.375821129945088,0.0
0.25,0.5,static_equal,burst,101,0.18992301358016322,0.0,2.6683406589690977,3.4143939649152855,0.0
0.25,0.5,static_equal,burst,102,0.19062313818865442,0.0,2.661359340253915,3.3925483282844473,0.0
0.25,0.5,static_equal,ramp,100,0.2798911544442255,0.0,2.9287886320373016,2.526728700100383,0.0
0.25,0.5,static_equal,ramp,101,0.28149590832765664,0.0,2.8975205928722274,2.536807776822698,0.0
0.25,0.5,static_equal,ramp,102,0.27631844820122653,0.0,2.9018801010636865,2.537603211412665,0.0
0.25,0.5,static_equal,sawtooth,100,0.31898854253406245,0.0,3.0121610446016285,3.2987672210325774,0.0
0.25,0.5,static_equal,sawtooth,101,0.3218245021324071,0.0,2.9950740655246606,3.289924767956022,0.0
0.25,0.5,static_equal,sawtooth,102,0.3200873925462144,0.0,3.008194130571307,3.356470848367056,0.0
0.25,0.5,threshold,adversarial,100,0.2828852427992219,0.03333333333333333,4.8832488991682705,3.8319866141594794,0.040740740740740744
0.25,0.5,threshold,adversarial,101,0.30430811758261694,0.02962962962962963,4.967442341304454,4.624337027824596,0.02962962962962963
0.25,0.5,threshold,adversarial,102,0.2897722159959136,0.02962962962962963,4.957057590422353,3.8162045194398626,0.02962962962962963
0.25,0.5,threshold,burst,100,0.16475942630584892,0.014814814814814815,2.7736888799912043,5.247695647402504,0.037037037037037035
0.25,0.5,threshold,burst,101,0.16340435834567613,0.014814814814814815,2.788924174004335,5.265976613934069,0.037037037037037035
0.25,0.5,threshold,burst,102,0.16799648033415437,0.014814814814814815,2.796853762684271,5.328117909824268,0.044444444444444446
0.25,0.5,threshold,ramp,100,0.343815284217663,0.0,3.3999737342753846,4.214598528794499,0.037037037037037035
0.25,0.5,threshold,ramp,101,0.33109529194399767,0.003703703703703704,3.3375831689658244,4.198676597750054,0.03333333333333333
0.25,0.5,threshold,ramp,102,0.33783129789163596,0.0,3.3654325221508907,4.1903288488059856,0.02962962962962963
0.25,0.5,threshold,sawtooth,100,0.3434963201677992,0.018518518518518517,3.5135522107160293,5.300167895106024,0.08888888888888889
0.25,0.5,threshold,sawtooth,101,0.3734395905628985,0.007407407407407408,3.542093561839008,5.234362730394207,0.08148148148148149
0.25,0.5,threshold,sawtooth,102,0.34557744790617984,0.018518518518518517,3.5335246483879126,5.409917894466877,0.09259259259259259
0.25,0.5,linucb,adversarial,100,0.2066331102046671,0.040740740740740744,4.337542294345714,5.0239990836131305,0.16296296296296298
0.25,0.5,linucb,adversarial,101,0.2115550640727911,0.044444444444444446,4.467280018120762,5.809213171920344,0.1814814814814815
0.25,0.5,linucb,adversarial,102,0.22509159600129064,0.040740740740740744,4.588056697601268,5.872569050466628,0.1962962962962963
0.25,0.5,linucb,burst,100,0.1844764294574833,0.007407407407407408,2.8016715751534327,5.23964161617572,0.037037037037037035
0.25,0.5,linucb,burst,101,0.18747707623725343,0.007407407407407408,2.859065093002884,5.333257864369412,0.044444444444444446
0.25,0.5,linucb,burst,102,0.17067182291485516,0.011111111111111112,2.8023816089124405,5.584017521203011,0.18888888888888888
0.25,0.5,linucb,ramp,100,0.32719632642339513,0.003703703703703704,3.3607685831487393,5.549423440318327,0.3851851851851852
0.25,0.5,linucb,ramp,101,0.327201221728421,0.003703703703703704,3.344421219544334,5.528638140932091,0.43333333333333335
0.25,0.5,linucb,ramp,102,0.3173852537759667,0.003703703703703704,3.311733785436954,5.599899781035152,0.43333333333333335
0.25,0.5,linucb,sawtooth,100,0.345941414712538,0.014814814814814815,3.4534578745804425,5.226702872911929,0.2111111111111111
0.25,0.5,linucb,sawtooth,101,0.3596712513837089,0.007407407407407408,3.3989879564139676,5.250765374294915,0.07407407407407407
0.25,0.5,linucb,sawtooth,102,0.35285180539130073,0.011111111111111112,3.4249791704023607,5.224381080279238,0.04814814814814815
0.25,1.0,static_safe,adversarial,100,-0.3890552896813632,0.0,2.0,3.2009041157100344,0.0
0.25,1.0,static_safe,adversarial,101,-0.3911359495295198,0.0,2.0,3.013786333761693,0.0
0.25,1.0,static_safe,adversarial,102,-0.42108144315106927,0.0,2.0,2.9657279839046975,0.0
0.25,1.0,static_safe,burst,100,-0.11741002776934316,0.0,1.9702268035342274,2.0,0.0
0.25,1.0,static_safe,burst,101,-0.12117423798209423,0.0,1.9833226062358258,2.0,0.0
0.25,1.0,static_safe,burst,102,-0.11780578795772896,0.0,1.9830109600958732,2.0,0.0
0.25,1.0,static_safe,ramp,100,-0.050246479410348564,0.0,1.84938778204917,2.0,0.0
0.25,1.0,static_safe,ramp,101,-0.039974934492798715,0.0,1.8436361776096581,2.0,0.0
0.25,1.0,static_safe,ramp,102,-0.05054092963359098,0.0,1.8448302751377692,2.0,0.0
0.25,1.0,static_safe,sawtooth,100,0.0309342265227904,0.0,1.9922297255918575,2.0,0.0
0.25,1.0,static_safe,sawtooth,101,0.04149186635626619,0.0,1.9941276136904849,2.0,0.0
0.25,1.0,static_safe,sawtooth,102,0.03627601628780808,0.0,1.9980622480420578,2.0,0.0
0.25,1.0,static_equal,adversarial,100,-0.11788258289729805,0.0,3.395242005285787,5.68241230099818,0.0
0.25,1.0,static_equal,adversarial,101,-0.12236550141908611,0.0,3.3909151877580483,5.526508884914903,0.0
0.25,1.0,static_equal,adversarial,102,-0.15502671330260168,0.0,3.381531376091246,5.510993157443726,0.0
0.25,1.0,static_equal,burst,100,0.0013462737802429879,0.0,2.638148374219868,3.375821129945088,0.0
0.25,1.0,static_equal,burst,101,0.002336346913496587,0.0,2.6683406589690977,3.4143939649152855,0.0
0.25,1.0,static_equal,burst,102,0.0034742492997655657,0.0,2.661359340253915,3.3925483282844473,0.0
0.25,1.0,static_equal,ramp,100,0.16494893222200335,0.0,2.9287886320373016,2.526728700100383,0.0
0.25,1.0,static_equal,ramp,101,0.16880924166098993,0.0,2.8975205928722274,2.536807776822698,0.0
0.25,1.0,static_equal,ramp,102,0.15925400375678206,0.0,2.9018801010636865,2.537603211412665,0.0
0.25,1.0,static_equal,sawtooth,100,0.2331707647562847,0.0,3.0121610446016285,3.2987672210325774,0.0
0.25,1.0,static_equal,sawtooth,101,0.2378956132435182,0.0,2.9950740655246606,3.289924767956022,0.0
0.25,1.0,static_equal,sawtooth,102,0.23543183699065884,0.0,3.008194130571307,3.356470848367056,0.0
0.25,1.0,threshold,adversarial,100,0.06527190946588858,0.03333333333333333,4.8832488991682705,3.8319866141594794,0.040740740740740744
0.25,1.0,threshold,adversarial,101,0.09111700647150586,0.02962962962962963,4.967442341304454,4.624337027824596,0.02962962962962963
0.25,1.0,threshold,adversarial,102,0.061958882662580254,0.02962962962962963,4.957057590422353,3.8162045194398626,0.02962962962962963
0.25,1.0,threshold,burst,100,-0.0235005736941511,0.014814814814814815,2.7736888799912043,5.247695647402504,0.037037037037037035
0.25,1.0,threshold,burst,101,-0.02473341943210162,0.014814814814814815,2.788924174004335,5.265976613934069,0.037037037037037035
0.25,1.0,threshold,burst,102,-0.01811240855473449,0.014814814814814815,2.796853762684271,5.328117909824268,0.044444444444444446
0.25,1.0,threshold,ramp,100,0.2487375064398852,0.0,3.3999737342753846,4.214598528794499,0.037037037037037035
0.25,1.0,threshold,ramp,101,0.23537529194399764,0.003703703703703704,3.3375831689658244,4.198676597750054,0.03333333333333333
0.25,1.0,threshold,ramp,102,0.23917574233608038,0.0,3.3654325221508907,4.1903288488059856,0.02962962962962963
0.25,1.0,threshold,sawtooth,100,0.27694298683446583,0.018518518518518517,3.5135522107160293,5.300167895106024,0.08888888888888889
0.25,1.0,threshold,sawtooth,101,0.30876403500734295,0.007407407407407408,3.542093561839008,5.234362730394207,0.08148148148148149
0.25,1.0,threshold,sawtooth,102,0.28021967012840204,0.018518518518518517,3.5335246483879126,5.409917894466877,0.09259259259259259
0.25,1.0,linucb,adversarial,100,0.005344395225297581,0.044444444444444446,4.626145916035228,5.412617537784214,0.17777777777777778
0.25,1.0,linucb,adversarial,101,0.030801250830009955,0.044444444444444446,4.761140489982803,5.809213171920344,0.18888888888888888
0.25,1.0,linucb,adversarial,102,-0.006707049926690807,0.040740740740740744,4.62921004884264,5.583706675311096,0.17777777777777778
0.25,1.0,linucb,burst,100,0.01188555620859594,0.003703703703703704,2.8793276113756456,5.316170812956744,0.4925925925925926
0.25,1.0,linucb,burst,101,-0.0020897185398033534,0.007407407407407408,2.812253591330255,5.245834595711047,0.02962962962962963
0.25,1.0,linucb,burst,102,-0.014263510955373619,0.011111111111111112,2.790630378354888,5.253984732905395,0.04814814814814815
0.25,1.0,linucb,ramp,100,0.23989054640631302,0.0,3.353677166800358,5.282838905744487,0.14074074074074075
0.25,1.0,linucb,ramp,101,0.2357559799319589,0.0,3.3317463468710886,5.543332743062131,0.42592592592592593
0.25,1.0,linucb,ramp,102,0.21353731910037768,0.003703703703703704,3.306778369789151,5.629245711686627,0.44074074074074077
0.25,1.0,linucb,sawtooth,100,0.2801060477164856,0.014814814814814815,3.4755103321142946,5.4982895277518,0.3037037037037037
0.25,1.0,linucb,sawtooth,101,0.2990182168730707,0.007407407407407408,3.438444122443748,5.255170958113571,0.1037037037037037
0.25,1.0,linucb,sawtooth,102,0.2859976702843094,0.011111111111111112,3.4266363342342085,5.229480755017001,0.1814814814814815
0.5,0.0,static_safe,adversarial,100,0.30307359920752563,0.0,2.0,3.2009041157100344,0.0
0.5,0.0,static_safe,adversarial,101,0.30112182824825795,0.0,2.0,3.013786333761693,0.0
0.5,0.0,static_safe,adversarial,102,0.30174077907115293,0.0,2.0,2.9657279839046975,0.0
0.5,0.0,static_safe,burst,100,0.3142077500084346,0.0,1.9702268035342274,2.0,0.0
0.5,0.0,static_safe,burst,101,0.31214131757346136,0.0,1.9833226062358258,2.0,0.0
0.5,0.0,static_safe,burst,102,0.3132875453756044,0.0,1.9830109600958732,2.0,0.0
0.5,0.0,static_safe,ramp,100,0.28705129836742915,0.0,1.84938778204917,2.0,0.0
0.5,0.0,static_safe,ramp,101,0.2892517321738679,0.0,1.8436361776096581,2.0,0.0
0.5,0.0,static_safe,ramp,102,0.28805018147752015,0.0,1.8448302751377692,2.0,0.0
0.5,0.0,static_safe,sawtooth,100,0.3032142265227904,0.0,1.9922297255918575,2.0,0.0
0.5,0.0,static_safe,sawtooth,101,0.3064963108007106,0.0,1.9941276136904849,2.0,0.0
0.5,0.0,static_safe,sawtooth,102,0.30439157184336363,0.0,1.9980622480420578,2.0,0.0
0.5,0.0,static_equal,adversarial,100,0.43442039769850965,0.0,3.395242005285787,5.68241230099818,0.0
0.5,0.0,static_equal,adversarial,101,0.43240302177181067,0.0,3.3909151877580483,5.526508884914903,0.0
0.5,0.0,static_equal,adversarial,102,0.43239743876771175,0.0,3.381531376091246,5.510993157443726,0.0
0.5,0.0,static_equal,burst,100,0.3775373848913541,0.0,2.638148374219868,3.375821129945088,0.0
0.5,0.0,static_equal,burst,101,0.3775096802468299,0.0,2.6683406589690977,3.4143939649152855,0.0
0.5,0.0,static_equal,burst,102,0.3777720270775433,0.0,2.661359340253915,3.3925483282844473,0.0
0.5,0.0,static_equal,ramp,100,0.3948333766664478,0.0,2.9287886320373016,2.526728700100383,0.0
0.5,0.0,static_equal,ramp,101,0.3941825749943233,0.0,2.8975205928722274,2.536807776822698,0.0
0.5,0.0,static_equal,ramp,102,0.39338289264567095,0.0,2.9018801010636865,2.537603211412665,0.0
0.5,0.0,static_equal,sawtooth,100,0.4048063203118402,0.0,3.0121610446016285,3.2987672210325774,0.0
0.5,0.0,static_equal,sawtooth,101,0.405753391021296,0.0,2.9950740655246606,3.289924767956022,0.0
0.5,0.0,static_equal,sawtooth,102,0.40474294810177,0.0,3.008194130571307,3.356470848367056,0.0
0.5,0.0,threshold,adversarial,100,0.48569146225107546,0.03333333333333333,4.8832488991682705,3.8319866141594794,0.040740740740740744
0.5,0.0,threshold,adversarial,101,0.5056020975898655,0.02962962962962963,4.967442341304454,4.624337027824596,0.02962962962962963
0.5,0.0,threshold,adversarial,102,0.5055751532609756,0.02962962962962963,4.957057590422353,3.8162045194398626,0.02962962962962963
0.5,0.0,threshold,burst,100,0.3487415846607721,0.014814814814814815,2.7736888799912043,5.247695647402504,0.037037037037037035
0.5,0.0,threshold,burst,101,0.34713683270592793,0.014814814814814815,2.788924174004335,5.265976613934069,0.037037037037037035
0.5,0.0,threshold,burst,102,0.3499594030793463,0.014814814814814815,2.796853762684271,5.328117909824268,0.044444444444444446
0.5,0.0,threshold,ramp,100,0.43807806144291134,0.0,3.3999737342753846,4.214598528794499,0.037037037037037035
0.5,0.0,threshold,ramp,101,0.42590784049051966,0.003703703703703704,3.3375831689658244,4.198676597750054,0.03333333333333333
0.5,0.0,threshold,ramp,102,0.4360964413737449,0.0,3.3654325221508907,4.1903288488059856,0.02962962962962963
0.5,0.0,threshold,sawtooth,100,0.4056727557430421,0.018518518518518517,3.5135522107160293,5.300167895106024,0.08888888888888889
0.5,0.0,threshold,sawtooth,101,0.43544850490774195,0.007407407407407408,3.542093561839008,5.234362730394207,0.08148148148148149
0.5,0.0,threshold,sawtooth,102,0.40581292310815875,0.018518518518518517,3.5335246483879126,5.409917894466877,0.09259259259259259
0.5,0.0,linucb,adversarial,100,0.46951824735712444,0.02962962962962963,4.529239155892388,4.986189969132258,0.12222222222222222
0.5,0.0,linucb,adversarial,101,0.43611379023920205,0.037037037037037035,4.340735720571413,5.392977919192331,0.15925925925925927
0.5,0.0,linucb,adversarial,102,0.4277458037048308,0.037037037037037035,4.18997610651937,4.907392095768832,0.15185185185185185
0.5,0.0,linucb,burst,100,0.3780154978735467,0.003703703703703704,2.809219810939702,5.257591477019625,0.018518518518518517
0.5,0.0,linucb,burst,101,0.36746126014491987,0.007407407407407408,2.807599093648855,5.237807832018642,0.02962962962962963
0.5,0.0,linucb,burst,102,0.3696213731670779,0.007407407407407408,2.8511556287520383,5.3431203755669054,0.1037037037037037
0.5,0.0,linucb,ramp,100,0.421023136221621,0.003703703703703704,3.3512459486854373,5.4840846953066,0.3888888888888889
0.5,0.0,linucb,ramp,101,0.4186686768690566,0.003703703703703704,3.3448891972884462,5.59829082371038,0.4185185185185185
0.5,0.0,linucb,ramp,102,0.42975240866860975,0.0,3.3631145073411792,5.562011910745579,0.3592592592592593
0.5,0.0,linucb,sawtooth,100,0.4247971305349648,0.007407407407407408,3.426096955400707,5.188189544067424,0.07407407407407407
0.5,0.0,linucb,sawtooth,101,0.42491580426318787,0.007407407407407408,3.4181782951551263,5.250765374294915,0.14074074074074075
0.5,0.0,linucb,sawtooth,102,0.42255787746073736,0.007407407407407408,3.438591252882845,5.438865408695695,0.14814814814814814
0.5,0.5,static_safe,adversarial,100,-0.04299084523691879,0.0,2.0,3.2009041157100344,0.0
0.5,0.5,static_safe,adversarial,101,-0.04500706064063098,0.0,2.0,3.013786333761693,0.0
0.5,0.5,static_safe,adversarial,102,-0.05967033203995815,0.0,2.0,2.9657279839046975,0.0
0.5,0.5,static_safe,burst,100,0.09839886111954572,0.0,1.9702268035342274,2.0,0.0
0.5,0.5,static_safe,burst,101,0.09548353979568355,0.0,1.9833226062358258,2.0,0.0
0.5,0.5,static_safe,burst,102,0.0977408787089377,0.0,1.9830109600958732,2.0,0.0
0.5,0.5,static_safe,ramp,100,0.11840240947854032,0.0,1.84938778204917,2.0,0.0
0.5,0.5,static_safe,ramp,101,0.12463839884053461,0.0,1.8436361776096581,2.0,0.0
0.5,0.5,static_safe,ramp,102,0.11875462592196458,0.0,1.8448302751377692,2.0,0.0
0.5,0.5,static_safe,sawtooth,100,0.1670742265227904,0.0,1.9922297255918575,2.0,0.0
0.5,0.5,static_safe,sawtooth,101,0.17399408857848844,0.0,1.9941276136904849,2.0,0.0
0.5,0.5,static_safe,sawtooth,102,0.17033379406558585,0.0,1.9980622480420578,2.0,0.0
0.5,0.5,static_equal,adversarial,100,0.15647150880962082,0.0,3.395242005285787,5.68241230099818,0.0
0.5,0.5,static_equal,adversarial,101,0.15342524399403296,0.0,3.3909151877580483,5.526508884914903,0.0
0.5,0.5,static_equal,adversarial,102,0.13723521654548954,0.0,3.381531376091246,5.510993157443726,0.0
0.5,0.5,static_equal,burst,100,0.18944182933579856,0.0,2.638148374219868,3.375821129945088,0.0
0.5,0.5,static_equal,burst,101,0.18992301358016322,0.0,2.6683406589690977,3.4143939649152855,0.0
0.5,0.5,static_equal,burst,102,0.19062313818865442,0.0,2.661359340253915,3.3925483282844473,0.0
0.5,0.5,static_equal,ramp,100,0.2798911544442255,0.0,2.9287886320373016,2.526728700100383,0.0
0.5,0.5,static_equal,ramp,101,0.28149590832765664,0.0,2.8975205928722274,2.536807776822698,0.0
0.5,0.5,static_equal,ramp,102,0.27631844820122653,0.0,2.9018801010636865,2.537603211412665,0.0
0.5,0.5,static_equal,sawtooth,100,0.31898854253406245,0.0,3.0121610446016285,3.2987672210325774,0.0
0.5,0.5,static_equal,sawtooth,101,0.3218245021324071,0.0,2.9950740655246606,3.289924767956022,0.0
0.5,0.5,static_equal,sawtooth,102,0.3200873925462144,0.0,3.008194130571307,3.356470848367056,0.0
0.5,0.5,threshold,adversarial,100,0.26807812891774213,0.03333333333333333,4.8832488991682705,3.8319866141594794,0.040740740740740744
0.5,0.5,threshold,adversarial,101,0.2924109864787544,0.02962962962962963,4.967442341304454,4.624337027824596,0.02962962962962963
0.5,0.5,threshold,adversarial,102,0.2777618199276423,0.02962962962962963,4.957057590422353,3.8162045194398626,0.02962962962962963
0.5,0.5,threshold,burst,100,0.1604815846607721,0.014814814814814815,2.7736888799912043,5.247695647402504,0.037037037037037035
0.5,0.5,threshold,burst,101,0.15899905492815014,0.014814814814814815,2.788924174004335,5.265976613934069,0.037037037037037035
0.5,0.5,threshold,burst,102,0.16385051419045743,0.014814814814814815,2.796853762684271,5.328117909824268,0.044444444444444446
0.5,0.5,threshold,ramp,100,0.3430002836651336,0.0,3.3999737342753846,4.214598528794499,0.037037037037037035
0.5,0.5,threshold,ramp,101,0.3301878404905197,0.003703703703703704,3.3375831689658244,4.198676597750054,0.03333333333333333
0.5,0.5,threshold,ramp,102,0.3374408858181894,0.0,3.3654325221508907,4.1903288488059856,0.02962962962962963
0.5,0.5,threshold,sawtooth,100,0.33911942240970877,0.018518518518518517,3.5135522107160293,5.300167895106024,0.08888888888888889
0.5,0.5,threshold,sawtooth,101,0.3707729493521864,0.007407407407407408,3.542093561839008,5.234362730394207,0.08148148148148149
0.5,0.5,threshold,sawtooth,102,0.3404551453303809,0.018518518518518517,3.5335246483879126,5.409917894466877,0.09259259259259259
0.5,0.5,linucb,adversarial,100,0.23908646637178302,0.037037037037037035,4.645026318242916,5.412617537784214,0.14814814814814814
0.5,0.5,linucb,adversarial,101,0.19124673422584437,0.040740740740740744,4.291492904770971,5.009271556012041,0.16666666666666666
0.5,0.5,linucb,adversarial,102,0.21934120865235382,0.040740740740740744,4.61504436285019,5.660897945904693,0.2
0.5,0.5,linucb,burst,100,0.18228450428081366,0.007407407407407408,2.79845701860863,5.199732610140982,0.037037037037037035
0.5,0.5,linucb,burst,101,0.18115120402935303,0.007407407407407408,2.8452682550526522,5.340094620568426,0.15925925925925927
0.5,0.5,linucb,burst,102,0.17710900059897036,0.007407407407407408,2.7998960853517967,5.328117909824268,0.29259259259259257
0.5,0.5,linucb,ramp,100,0.3224580378331087,0.003703703703703704,3.354049928934195,5.535037408949034,0.36666666666666664
0.5,0.5,linucb,ramp,101,0.32155496068735046,0.003703703703703704,3.325215653101352,5.593921660616377,0.4148148148148148
0.5,0.5,linucb,ramp,102,0.326236752576539,0.0,3.338113555576444,5.563418081672698,0.3925925925925926
0.5,0.5,linucb,sawtooth,100,0.3424208891700428,0.014814814814814815,3.4511665793096804,5.207933495462839,0.17037037037037037
0.5,0.5,linucb,sawtooth,101,0.3563222492047512,0.007407407407407408,3.3939838076008164,5.250765374294915,0.07407407407407407
0.5,0.5,linucb,sawtooth,102,0.35052110176201573,0.011111111111111112,3.4262112818254136,5.2094257102766655,0.04814814814814815
0.5,1.0,static_safe,adversarial,100,-0.3890552896813632,0.0,2.0,3.2009041157100344,0.0
0.5,1.0,static_safe,adversarial,101,-0.3911359495295198,0.0,2.0,3.013786333761693,0.0
0.5,1.0,static_safe,adversarial,102,-0.42108144315106927,0.0,2.0,2.9657279839046975,0.0
0.5,1.0,static_safe,burst,100,-0.11741002776934316,0.0,1.9702268035342274,2.0,0.0
0.5,1.0,static_safe,burst,101,-0.12117423798209423,0.0,1.9833226062358258,2.0,0.0
0.5,1.0,static_safe,burst,102,-0.11780578795772896,0.0,1.9830109600958732,2.0,0.0
0.5,1.0,static_safe,ramp,100,-0.050246479410348564,0.0,1.84938778204917,2.0,0.0
0.5,1.0,static_safe,ramp,101,-0.039974934492798715,0.0,1.8436361776096581,2.0,0.0
0.5,1.0,static_safe,ramp,102,-0.05054092963359098,0.0,1.8448302751377692,2.0,0.0
0.5,1.0,static_safe,sawtooth,100,0.0309342265227904,0.0,1.9922297255918575,2.0,0.0
0.5,1.0,static_safe,sawtooth,101,0.04149186635626619,0.0,1.9941276136904849,2.0,0.0
0.5,1.0,static_safe,sawtooth,102,0.03627601628780808,0.0,1.9980622480420578,2.0,0.0
0.5,1.0,static_equal,adversarial,100,-0.12147738007926805,0.0,3.395242005285787,5.68241230099818,0.0
0.5,1.0,static_equal,adversarial,101,-0.1255525337837448,0.0,3.3909151877580483,5.526508884914903,0.0
0.5,1.0,static_equal,adversarial,102,-0.15792700567673268,0.0,3.381531376091246,5.510993157443726,0.0
0.5,1.0,static_equal,burst,100,0.0013462737802429879,0.0,2.638148374219868,3.375821129945088,0.0
0.5,1.0,static_equal,burst,101,0.002336346913496587,0.0,2.6683406589690977,3.4143939649152855,0.0
0.5,1.0,static_equal,burst,102,0.0034742492997655657,0.0,2.661359340253915,3.3925483282844473,0.0
0.5,1.0,static_equal,ramp,100,0.16494893222200335,0.0,2.9287886320373016,2.526728700100383,0.0
0.5,1.0,static_equal,ramp,101,0.16880924166098993,0.0,2.8975205928722274,2.536807776822698,0.0
0.5,1.0,static_equal,ramp,102,0.15925400375678206,0.0,2.9018801010636865,2.537603211412665,0.0
0.5,1.0,static_equal,sawtooth,100,0.2331707647562847,0.0,3.0121610446016285,3.2987672210325774,0.0
0.5,1.0,static_equal,sawtooth,101,0.2378956132435182,0.0,2.9950740655246606,3.289924767956022,0.0
0.5,1.0,static_equal,sawtooth,102,0.23543183699065884,0.0,3.008194130571307,3.356470848367056,0.0
0.5,1.0,threshold,adversarial,100,0.05046479558440885,0.03333333333333333,4.8832488991682705,3.8319866141594794,0.040740740740740744
0.5,1.0,threshold,adversarial,101,0.07921987536764337,0.02962962962962963,4.967442341304454,4.624337027824596,0.02962962962962963
0.5,1.0,threshold,adversarial,102,0.04994848659430898,0.02962962962962963,4.957057590422353,3.8162045194398626,0.02962962962962963
0.5,1.0,threshold,burst,100,-0.02777841533922791,0.014814814814814815,2.7736888799912043,5.247695647402504,0.037037037037037035
0.5,1.0,threshold,burst,101,-0.029138722849627617,0.014814814814814815,2.788924174004335,5.265976613934069,0.037037037037037035
0.5,1.0,threshold,burst,102,-0.022258374698431435,0.014814814814814815,2.796853762684271,5.328117909824268,0.044444444444444446
0.5,1.0,threshold,ramp,100,0.24792250588735584,0.0,3.3999737342753846,4.214598528794499,0.037037037037037035
0.5,1.0,threshold,ramp,101,0.23446784049051966,0.003703703703703704,3.3375831689658244,4.198676597750054,0.03333333333333333
0.5,1.0,threshold,ramp,102,0.23878533026263382,0.0,3.3654325221508907,4.1903288488059856,0.02962962962962963
0.5,1.0,threshold,sawtooth,100,0.2725660890763754,0.018518518518518517,3.5135522107160293,5.300167895106024,0.08888888888888889
0.5,1.0,threshold,sawtooth,101,0.3060973937966308,0.007407407407407408,3.542093561839008,5.234362730394207,0.08148148148148149
0.5,1.0,threshold,sawtooth,102,0.2750973675526032,0.018518518518518517,3.5335246483879126,5.409917894466877,0.09259259259259259
0.5,1.0,linucb,adversarial,100,-0.025800588137613874,0.040740740740740744,4.388805002029762,4.98362857165034,0.16296296296296298
0.5,1.0,linucb,adversarial,101,0.015134833017841727,0.044444444444444446,4.748989888115456,5.809213171920344,0.18888888888888888
0.5,1.0,linucb,adversarial,102,-0.021781531007462447,0.040740740740740744,4.611233943704624,5.583706675311096,0.17037037037037037
0.5,1.0,linucb,burst,100,-0.005211370100964925,0.007407407407407408,2.8215344583819446,5.264737791113446,0.044444444444444446
0.5,1.0,linucb,burst,101,-0.007015471389014805,0.007407407407407408,2.816358712287434,5.313941744062771,0.02962962962962963
0.5,1.0,linucb,burst,102,-0.018425109579734,0.011111111111111112,2.7840506801487357,5.260392068105981,0.04814814814814815
0.5,1.0,linucb,ramp,100,0.24061523071743313,0.0,3.371118146768782,5.356312171372648,0.1925925925925926
0.5,1.0,linucb,ramp,101,0.22714535365566774,0.003703703703703704,3.3390962609538137,5.529841149323855,0.4074074074074074
0.5,1.0,linucb,ramp,102,0.21199724607629294,0.003703703703703704,3.3159363672198774,5.633750485551879,0.44074074074074077
0.5,1.0,linucb,sawtooth,100,0.27650400974027056,0.014814814814814815,3.4686146915747282,5.361939208902968,0.3
0.5,1.0,linucb,sawtooth,101,0.29559683070532167,0.007407407407407408,3.4298307590912183,5.248576772663661,0.07407407407407407
0.5,1.0,linucb,sawtooth,102,0.28384176008474965,0.011111111111111112,3.428320831242043,5.224381080279238,0.15555555555555556
1.0,0.0,static_safe,adversarial,100,0.30307359920752563,0.0,2.0,3.2009041157100344,0.0
1.0,0.0,static_safe,adversarial,101,0.30112182824825795,0.0,2.0,3.013786333761693,0.0
1.0,0.0,static_safe,adversarial,102,0.30174077907115293,0.0,2.0,2.9657279839046975,0.0
1.0,0.0,static_safe,burst,100,0.3142077500084346,0.0,1.9702268035342274,2.0,0.0
1.0,0.0,static_safe,burst,101,0.31214131757346136,0.0,1.9833226062358258,2.0,0.0
1.0,0.0,static_safe,burst,102,0.3132875453756044,0.0,1.9830109600958732,2.0,0.0
1.0,0.0,static_safe,ramp,100,0.28705129836742915,0.0,1.84938778204917,2.0,0.0
1.0,0.0,static_safe,ramp,101,0.2892517321738679,0.0,1.8436361776096581,2.0,0.0
1.0,0.0,static_safe,ramp,102,0.28805018147752015,0.0,1.8448302751377692,2.0,0.0
1.0,0.0,static_safe,sawtooth,100,0.3032142265227904,0.0,1.9922297255918575,2.0,0.0
1.0,0.0,static_safe,sawtooth,101,0.3064963108007106,0.0,1.9941276136904849,2.0,0.0
1.0,0.0,static_safe,sawtooth,102,0.30439157184336363,0.0,1.9980622480420578,2.0,0.0
1.0,0.0,static_equal,adversarial,100,0.4272308033345697,0.0,3.395242005285787,5.68241230099818,0.0
1.0,0.0,static_equal,adversarial,101,0.4260289570424934,0.0,3.3909151877580483,5.526508884914903,0.0
1.0,0.0,static_equal,adversarial,102,0.42659685401944963,0.0,3.381531376091246,5.510993157443726,0.0
1.0,0.0,static_equal,burst,100,0.3775373848913541,0.0,2.638148374219868,3.375821129945088,0.0
1.0,0.0,static_equal,burst,101,0.3775096802468299,0.0,2.6683406589690977,3.4143939649152855,0.0
1.0,0.0,static_equal,burst,102,0.3777720270775433,0.0,2.661359340253915,3.3925483282844473,0.0
1.0,0.0,static_equal,ramp,100,0.3948333766664478,0.0,2.9287886320373016,2.526728700100383,0.0
1.0,0.0,static_equal,ramp,101,0.3941825749943233,0.0,2.8975205928722274,2.536807776822698,0.0
1.0,0.0,static_equal,ramp,102,0.39338289264567095,0.0,2.9018801010636865,2.537603211412665,0.0
1.0,0.0,static_equal,sawtooth,100,0.4048063203118402,0.0,3.0121610446016285,3.2987672210325774,0.0
1.0,0.0,static_equal,sawtooth,101,0.405753391021296,0.0,2.9950740655246606,3.289924767956022,0.0
1.0,0.0,static_equal,sawtooth,102,0.40474294810177,0.0,3.008194130571307,3.356470848367056,0.0
1.0,0.0,threshold,adversarial,100,0.456077234488116,0.03333333333333333,4.8832488991682705,3.8319866141594794,0.040740740740740744
1.0,0.0,threshold,adversarial,101,0.4818078353821405,0.02962962962962963,4.967442341304454,4.624337027824596,0.02962962962962963
1.0,0.0,threshold,adversarial,102,0.481554361124433,0.02962962962962963,4.957057590422353,3.8162045194398626,0.02962962962962963
1.0,0.0,threshold,burst,100,0.34018590137061844,0.014814814814814815,2.7736888799912043,5.247695647402504,0.037037037037037035
1.0,0.0,threshold,burst,101,0.33832622587087596,0.014814814814814815,2.788924174004335,5.265976613934069,0.037037037037037035
1.0,0.0,threshold,burst,102,0.3416674707919525,0.014814814814814815,2.796853762684271,5.328117909824268,0.044444444444444446
1.0,0.0,threshold,ramp,100,0.4364480603378525,0.0,3.3999737342753846,4.214598528794499,0.037037037037037035
1.0,0.0,threshold,ramp,101,0.4240929375835637,0.003703703703703704,3.3375831689658244,4.198676597750054,0.03333333333333333
1.0,0.0,threshold,ramp,102,0.43531561722685186,0.0,3.3654325221508907,4.1903288488059856,0.02962962962962963
1.0,0.0,threshold,sawtooth,100,0.3969189602268612,0.018518518518518517,3.5135522107160293,5.300167895106024,0.08888888888888889
1.0,0.0,threshold,sawtooth,101,0.43011522248631784,0.007407407407407408,3.542093561839008,5.234362730394207,0.08148148148148149
1.0,0.0,threshold,sawtooth,102,0.39556831795656094,0.018518518518518517,3.5335246483879126,5.409917894466877,0.09259259259259259
1.0,0.0,linucb,adversarial,100,0.3977733996674918,0.022222222222222223,3.72612925993023,5.338797861143219,0.0962962962962963
1.0,0.0,linucb,adversarial,101,0.41872249182503524,0.03333333333333333,4.228219748681406,5.277150546982314,0.14444444444444443
1.0,0.0,linucb,adversarial,102,0.4060327686961824,0.03333333333333333,4.0435995868607835,5.116309856864862,0.13333333333333333
1.0,0.0,linucb,burst,100,0.37779759672603913,0.0,2.7864910487388608,5.25527392763336,0.17407407407407408
1.0,0.0,linucb,burst,101,0.36290661805891605,0.007407407407407408,2.8162753158997997,5.321620797213681,0.02962962962962963
1.0,0.0,linucb,burst,102,0.37623787305340173,0.0,2.8306938052953545,5.367057061002473,0.26666666666666666
1.0,0.0,linucb,ramp,100,0.42058484909372396,0.003703703703703704,3.346144223216043,5.2961379232164285,0.13333333333333333
1.0,0.0,linucb,ramp,101,0.4255152541650007,0.0,3.3551850447734197,5.471302009267875,0.3
1.0,0.0,linucb,ramp,102,0.4290882179473621,0.0,3.337103987948408,5.117815096942188,0.16666666666666666
1.0,0.0,linucb,sawtooth,100,0.42004897525516177,0.007407407407407408,3.427442862608879,5.188189544067424,0.05925925925925926
1.0,0.0,linucb,sawtooth,101,0.4288132103872379,0.003703703703703704,3.4070156482985903,5.117647898663521,0.03333333333333333
1.0,0.0,linucb,sawtooth,102,0.41167880905194504,0.007407407407407408,3.4149773711475095,5.433246364648907,0.16666666666666666
1.0,0.5,static_safe,adversarial,100,-0.04299084523691879,0.0,2.0,3.2009041157100344,0.0
1.0,0.5,static_safe,adversarial,101,-0.04500706064063098,0.0,2.0,3.013786333761693,0.0
1.0,0.5,static_safe,adversarial,102,-0.05967033203995815,0.0,2.0,2.9657279839046975,0.0
1.0,0.5,static_safe,burst,100,0.09839886111954572,0.0,1.9702268035342274,2.0,0.0
1.0,0.5,static_safe,burst,101,0.09548353979568355,0.0,1.9833226062358258,2.0,0.0
1.0,0.5,static_safe,burst,102,0.0977408787089377,0.0,1.9830109600958732,2.0,0.0
1.0,0.5,static_safe,ramp,100,0.11840240947854032,0.0,1.84938778204917,2.0,0.0
1.0,0.5,static_safe,ramp,101,0.12463839884053461,0.0,1.8436361776096581,2.0,0.0
1.0,0.5,static_safe,ramp,102,0.11875462592196458,0.0,1.8448302751377692,2.0,0.0
1.0,0.5,static_safe,sawtooth,100,0.1670742265227904,0.0,1.9922297255918575,2.0,0.0
1.0,0.5,static_safe,sawtooth,101,0.17399408857848844,0.0,1.9941276136904849,2.0,0.0
1.0,0.5,static_safe,sawtooth,102,0.17033379406558585,0.0,1.9980622480420578,2.0,0.0
1.0,0.5,static_equal,adversarial,100,0.14928191444568084,0.0,3.395242005285787,5.68241230099818,0.0
1.0,0.5,static_equal,adversarial,101,0.14705117926471564,0.0,3.3909151877580483,5.526508884914903,0.0
1.0,0.5,static_equal,adversarial,102,0.13143463179722747,0.0,3.381531376091246,5.510993157443726,0.0
1.0,0.5,static_equal,burst,100,0.18944182933579856,0.0,2.638148374219868,3.375821129945088,0.0
1.0,0.5,static_equal,burst,101,0.18992301358016322,0.0,2.6683406589690977,3.4143939649152855,0.0
1.0,0.5,static_equal,burst,102,0.19062313818865442,0.0,2.661359340253915,3.3925483282844473,0.0
1.0,0.5,static_equal,ramp,100,0.2798911544442255,0.0,2.9287886320373016,2.526728700100383,0.0
1.0,0.5,static_equal,ramp,101,0.28149590832765664,0.0,2.8975205928722274,2.536807776822698,0.0
1.0,0.5,static_equal,ramp,102,0.27631844820122653,0.0,2.9018801010636865,2.537603211412665,0.0
1.0,0.5,static_equal,sawtooth,100,0.31898854253406245,0.0,3.0121610446016285,3.2987672210325774,0.0
1.0,0.5,static_equal,sawtooth,101,0.3218245021324071,0.0,2.9950740655246606,3.289924767956022,0.0
1.0,0.5,static_equal,sawtooth,102,0.3200873925462144,0.0,3.008194130571307,3.356470848367056,0.0
1.0,0.5,threshold,adversarial,100,0.23846390115478272,0.03333333333333333,4.8832488991682705,3.8319866141594794,0.040740740740740744
1.0,0.5,threshold,adversarial,101,0.26861672427102945,0.02962962962962963,4.967442341304454,4.624337027824596,0.02962962962962963
1.0,0.5,threshold,adversarial,102,0.25374102779109975,0.02962962962962963,4.957057590422353,3.8162045194398626,0.02962962962962963
1.0,0.5,threshold,burst,100,0.15192590137061845,0.014814814814814815,2.7736888799912043,5.247695647402504,0.037037037037037035
1.0,0.5,threshold,burst,101,0.15018844809309814,0.014814814814814815,2.788924174004335,5.265976613934069,0.037037037037037035
1.0,0.5,threshold,burst,102,0.15555858190306354,0.014814814814814815,2.796853762684271,5.328117909824268,0.044444444444444446
1.0,0.5,threshold,ramp,100,0.3413702825600747,0.0,3.3999737342753846,4.214598528794499,0.037037037037037035
1.0,0.5,threshold,ramp,101,0.3283729375835637,0.003703703703703704,3.3375831689658244,4.198676597750054,0.03333333333333333
1.0,0.5,threshold,ramp,102,0.33666006167129625,0.0,3.3654325221508907,4.1903288488059856,0.02962962962962963
1.0,0.5,threshold,sawtooth,100,0.3303656268935279,0.018518518518518517,3.5135522107160293,5.300167895106024,0.08888888888888889
1.0,0.5,threshold,sawtooth,101,0.36543966693076224,0.007407407407407408,3.542093561839008,5.234362730394207,0.08148148148148149
1.0,0.5,threshold,sawtooth,102,0.3302105401787832,0.018518518518518517,3.5335246483879126,5.409917894466877,0.09259259259259259
1.0,0.5,linucb,adversarial,100,0.201608580735771,0.037037037037037035,4.514929180876181,5.412617537784214,0.14814814814814814
1.0,0.5,linucb,adversarial,101,0.17529086698953503,0.040740740740740744,4.317568308482437,4.986055830098021,0.16666666666666666
1.0,0.5,linucb,adversarial,102,0.19821294333705067,0.037037037037037035,4.5499114921867765,5.344014443020103,0.17037037037037037
1.0,0.5,linucb,burst,100,0.17722745201131868,0.007407407407407408,2.8022963747608887,5.232460147445191,0.037037037037037035
1.0,0.5,linucb,burst,101,0.16888896834135944,0.007407407407407408,2.7892710238413008,5.340094620568426,0.11851851851851852
1.0,0.5,linucb,burst,102,0.1833407554061092,0.003703703703703704,2.839538031241508,5.314859773370345,0.2814814814814815
1.0,0.5,linucb,ramp,100,0.3221617359960355,0.003703703703703704,3.3444334640520936,5.2961379232164285,0.16296296296296298
1.0,0.5,linucb,ramp,101,0.3262468853702959,0.0,3.341684988880731,5.5000106279488055,0.337037037037037
1.0,0.5,linucb,ramp,102,0.3133483957402046,0.003703703703703704,3.3089613488601546,5.307142578410466,0.17037037037037037
1.0,0.5,linucb,sawtooth,100,0.3351346806353643,0.014814814814814815,3.4461711561345667,5.207933495462839,0.13333333333333333
1.0,0.5,linucb,sawtooth,101,0.3515185838794007,0.007407407407407408,3.3913435035192374,5.22366054387916,0.07777777777777778
1.0,0.5,linucb,sawtooth,102,0.3449573585104625,0.011111111111111112,3.4267195968591566,5.229480755017001,0.04814814814814815
1.0,1.0,static_safe,adversarial,100,-0.3890552896813632,0.0,2.0,3.2009041157100344,0.0
1.0,1.0,static_safe,adversarial,101,-0.3911359495295198,0.0,2.0,3.013786333761693,0.0
1.0,1.0,static_safe,adversarial,102,-0.42108144315106927,0.0,2.0,2.9657279839046975,0.0
1.0,1.0,static_safe,burst,100,-0.11741002776934316,0.0,1.9702268035342274,2.0,0.0
1.0,1.0,static_safe,burst,101,-0.12117423798209423,0.0,1.9833226062358258,2.0,0.0
1.0,1.0,static_safe,burst,102,-0.11780578795772896,0.0,1.9830109600958732,2.0,0.0
1.0,1.0,static_safe,ramp,100,-0.050246479410348564,0.0,1.84938778204917,2.0,0.0
1.0,1.0,static_safe,ramp,101,-0.039974934492798715,0.0,1.8436361776096581,2.0,0.0
1.0,1.0,static_safe,ramp,102,-0.05054092963359098,0.0,1.8448302751377692,2.0,0.0
1.0,1.0,static_safe,sawtooth,100,0.0309342265227904,0.0,1.9922297255918575,2.0,0.0
1.0,1.0,static_safe,sawtooth,101,0.04149186635626619,0.0,1.9941276136904849,2.0,0.0
1.0,1.0,static_safe,sawtooth,102,0.03627601628780808,0.0,1.9980622480420578,2.0,0.0
1.0,1.0,static_equal,adversarial,100,-0.12866697444320804,0.0,3.395242005285787,5.68241230099818,0.0
1.0,1.0,static_equal,adversarial,101,-0.1319265985130621,0.0,3.3909151877580483,5.526508884914903,0.0
1.0,1.0,static_equal,adversarial,102,-0.1637275904249947,0.0,3.381531376091246,5.510993157443726,0.0
1.0,1.0,static_equal,burst,100,0.0013462737802429879,0.0,2.638148374219868,3.375821129945088,0.0
1.0,1.0,static_equal,burst,101,0.002336346913496587,0.0,2.6683406589690977,3.4143939649152855,0.0
1.0,1.0,static_equal,burst,102,0.0034742492997655657,0.0,2.661359340253915,3.3925483282844473,0.0
1.0,1.0,static_equal,ramp,100,0.16494893222200335,0.0,2.9287886320373016,2.526728700100383,0.0
1.0,1.0,static_equal,ramp,101,0.16880924166098993,0.0,2.8975205928722274,2.536807776822698,0.0
1.0,1.0,static_equal,ramp,102,0.15925400375678206,0.0,2.9018801010636865,2.537603211412665,0.0
1.0,1.0,static_equal,sawtooth,100,0.2331707647562847,0.0,3.0121610446016285,3.2987672210325774,0.0
1.0,1.0,static_equal,sawtooth,101,0.2378956132435182,0.0,2.9950740655246606,3.289924767956022,0.0
1.0,1.0,static_equal,sawtooth,102,0.23543183699065884,0.0,3.008194130571307,3.356470848367056,0.0
1.0,1.0,threshold,adversarial,100,0.020850567821449374,0.03333333333333333,4.8832488991682705,3.8319866141594794,0.040740740740740744
1.0,1.0,threshold,adversarial,101,0.055425613159918355,0.02962962962962963,4.967442341304454,4.624337027824596,0.02962962962962963
1.0,1.0,threshold,adversarial,102,0.02592769445776643,0.02962962962962963,4.957057590422353,3.8162045194398626,0.02962962962962963
1.0,1.0,threshold,burst,100,-0.036334098629381514,0.014814814814814815,2.7736888799912043,5.247695647402504,0.037037037037037035
1.0,1.0,threshold,burst,101,-0.0379493296846796,0.014814814814814815,2.788924174004335,5.265976613934069,0.037037037037037035
1.0,1.0,threshold,burst,102,-0.03055030698582533,0.014814814814814815,2.796853762684271,5.328117909824268,0.044444444444444446
1.0,1.0,threshold,ramp,100,0.24629250478229694,0.0,3.3999737342753846,4.214598528794499,0.037037037037037035
1.0,1.0,threshold,ramp,101,0.23265293758356373,0.003703703703703704,3.3375831689658244,4.198676597750054,0.03333333333333333
1.0,1.0,threshold,ramp,102,0.23800450611574067,0.0,3.3654325221508907,4.1903288488059856,0.02962962962962963
1.0,1.0,threshold,sawtooth,100,0.26381229356019453,0.018518518518518517,3.5135522107160293,5.300167895106024,0.08888888888888889
1.0,1.0,threshold,sawtooth,101,0.3007641113752067,0.007407407407407408,3.542093561839008,5.234362730394207,0.08148148148148149
1.0,1.0,threshold,sawtooth,102,0.2648527624010054,0.018518518518518517,3.5335246483879126,5.409917894466877,0.09259259259259259
1.0,1.0,linucb,adversarial,100,-0.05956517573961851,0.044444444444444446,4.404562685174381,5.412617537784214,0.17777777777777778
1.0,1.0,linucb,adversarial,101,-0.05236265196572894,0.044444444444444446,4.475765671705877,5.809213171920344,0.18518518518518517
1.0,1.0,linucb,adversarial,102,-0.019984896751145006,0.040740740740740744,4.722315165246179,4.673684060504716,0.16666666666666666
1.0,1.0,linucb,burst,100,-0.007484453355696179,0.007407407407407408,2.828907016041639,5.256020128111949,0.3111111111111111
1.0,1.0,linucb,burst,101,-0.016326932287757518,0.007407407407407408,2.760252251828163,5.2234051891575675,0.037037037037037035
1.0,1.0,linucb,burst,102,-0.024447118211705986,0.011111111111111112,2.7791415145511107,5.23652784888717,0.04814814814814815
1.0,1.0,linucb,ramp,100,0.23536536195605473,0.0,3.3453854934541973,4.870179884684522,0.040740740740740744
1.0,1.0,linucb,ramp,101,0.224635066641668,0.003703703703703704,3.3355269761559025,5.507585079726128,0.2740740740740741
1.0,1.0,linucb,ramp,102,0.20965659054677843,0.003703703703703704,3.3054799979859575,5.323084447381924,0.14444444444444443
1.0,1.0,linucb,sawtooth,100,0.27257493990412257,0.011111111111111112,3.45529288965873,5.3366828005856295,0.24444444444444444
1.0,1.0,linucb,sawtooth,101,0.2887214379160745,0.007407407407407408,3.4106672186070877,5.1637567775480075,0.06666666666666667
1.0,1.0,linucb,sawtooth,102,0.27799246697098734,0.011111111111111112,3.423415074310435,5.224381080279238,0.11481481481481481
2.0,0.0,static_safe,adversarial,100,0.30307359920752563,0.0,2.0,3.2009041157100344,0.0
2.0,0.0,static_safe,adversarial,101,0.30112182824825795,0.0,2.0,3.013786333761693,0.0
2.0,0.0,static_safe,adversarial,102,0.30174077907115293,0.0,2.0,2.9657279839046975,0.0
2.0,0.0,static_safe,burst,100,0.3142077500084346,0.0,1.9702268035342274,2.0,0.0
2.0,0.0,static_safe,burst,101,0.31214131757346136,0.0,1.9833226062358258,2.0,0.0
2.0,0.0,static_safe,burst,102,0.3132875453756044,0.0,1.9830109600958732,2.0,0.0
2.0,0.0,static_safe,ramp,100,0.28705129836742915,0.0,1.84938778204917,2.0,0.0
2.0,0.0,static_safe,ramp,101,0.2892517321738679,0.0,1.8436361776096581,2.0,0.0
2.0,0.0,static_safe,ramp,102,0.28805018147752015,0.0,1.8448302751377692,2.0,0.0
2.0,0.0,static_safe,sawtooth,100,0.3032142265227904,0.0,1.9922297255918575,2.0,0.0
2.0,0.0,static_safe,sawtooth,101,0.3064963108007106,0.0,1.9941276136904849,2.0,0.0
2.0,0.0,static_safe,sawtooth,102,0.30439157184336363,0.0,1.9980622480420578,2.0,0.0
2.0,0.0,static_equal,adversarial,100,0.41285161460668973,0.0,3.395242005285787,5.68241230099818,0.0
2.0,0.0,static_equal,adversarial,101,0.41328082758385876,0.0,3.3909151877580483,5.526508884914903,0.0
2.0,0.0,static_equal,adversarial,102,0.41499568452292557,0.0,3.381531376091246,5.510993157443726,0.0
2.0,0.0,static_equal,burst,100,0.3775373848913541,0.0,2.638148374219868,3.375821129945088,0.0
2.0,0.0,static_equal,burst,101,0.3775096802468299,0.0,2.6683406589690977,3.4143939649152855,0.0
2.0,0.0,static_equal,burst,102,0.3777720270775433,0.0,2.661359340253915,3.3925483282844473,0.0
2.0,0.0,static_equal,ramp,100,0.3948333766664478,0.0,2.9287886320373016,2.526728700100383,0.0
2.0,0.0,static_equal,ramp,101,0.3941825749943233,0.0,2.8975205928722274,2.536807776822698,0.0
2.0,0.0,static_equal,ramp,102,0.39338289264567095,0.0,2.9018801010636865,2.537603211412665,0.0
2.0,0.0,static_equal,sawtooth,100,0.4048063203118402,0.0,3.0121610446016285,3.2987672210325774,0.0
2.0,0.0,static_equal,sawtooth,101,0.405753391021296,0.0,2.9950740655246606,3.289924767956022,0.0
2.0,0.0,static_equal,sawtooth,102,0.40474294810177,0.0,3.008194130571307,3.356470848367056,0.0
2.0,0.0,threshold,adversarial,100,0.39684877896219717,0.03333333333333333,4.8832488991682705,3.8319866141594794,0.040740740740740744
2.0,0.0,threshold,adversarial,101,0.43421931096669064,0.02962962962962963,4.967442341304454,4.624337027824596,0.02962962962962963
2.0,0.0,threshold,adversarial,102,0.433512776851348,0.02962962962962963,4.957057590422353,3.8162045194398626,0.02962962962962963
2.0,0.0,threshold,burst,100,0.3230745347903112,0.014814814814814815,2.7736888799912043,5.247695647402504,0.037037037037037035
2.0,0.0,threshold,burst,101,0.32070501220077197,0.014814814814814815,2.788924174004335,5.265976613934069,0.037037037037037035
2.0,0.0,threshold,burst,102,0.32508360621716464,0.014814814814814815,2.796853762684271,5.328117909824268,0.044444444444444446
2.0,0.0,threshold,ramp,100,0.4331880581277348,0.0,3.3999737342753846,4.214598528794499,0.037037037037037035
2.0,0.0,threshold,ramp,101,0.4204631317696518,0.003703703703703704,3.3375831689658244,4.198676597750054,0.03333333333333333
2.0,0.0,threshold,ramp,102,0.4337539689330656,0.0,3.3654325221508907,4.1903288488059856,0.02962962962962963
2.0,0.0,threshold,sawtooth,100,0.37941136919449947,0.018518518518518517,3.5135522107160293,5.300167895106024,0.08888888888888889
2.0,0.0,threshold,sawtooth,101,0.41944865764346945,0.007407407407407408,3.542093561839008,5.234362730394207,0.08148148148148149
2.0,0.0,threshold,sawtooth,102,0.37507910765336544,0.018518518518518517,3.5335246483879126,5.409917894466877,0.09259259259259259
2.0,0.0,linucb,adversarial,100,0.42531099992257076,0.022222222222222223,4.405786670304103,5.453561459163421,0.07777777777777778
2.0,0.0,linucb,adversarial,101,0.35319867334196603,0.025925925925925925,3.7347560825745822,5.4952449883990795,0.13333333333333333
2.0,0.0,linucb,adversarial,102,0.3425887321710345,0.025925925925925925,3.5240283118467146,5.402541807424419,0.10740740740740741
2.0,0.0,linucb,burst,100,0.3724546064148519,0.0,2.785749798075241,5.246482740406824,0.003703703703703704
2.0,0.0,linucb,burst,101,0.34762205859554424,0.007407407407407408,2.7153985623528487,5.209670817225945,0.037037037037037035
2.0,0.0,linucb,burst,102,0.35858008225545673,0.003703703703703704,2.770632921471647,5.286946354817053,0.022222222222222223
2.0,0.0,linucb,ramp,100,0.41956745522071137,0.003703703703703704,3.3258922066466563,4.169558428272202,0.02962962962962963
2.0,0.0,linucb,ramp,101,0.43213046135532074,0.0,3.3434173408405594,4.166363792821928,0.014814814814814815
2.0,0.0,linucb,ramp,102,0.43204487727968155,0.0,3.3326752185871733,4.146134477175757,0.0
2.0,0.0,linucb,sawtooth,100,0.4120834399960367,0.007407407407407408,3.421809563548291,5.151516799192491,0.05925925925925926
2.0,0.0,linucb,sawtooth,101,0.4222132567155269,0.003703703703703704,3.3991957343175776,5.0794021689672855,0.02962962962962963
2.0,0.0,linucb,sawtooth,102,0.40888756441891466,0.007407407407407408,3.417502619282049,5.229480755017001,0.044444444444444446
2.0,0.5,static_safe,adversarial,100,-0.04299084523691879,0.0,2.0,3.2009041157100344,0.0
2.0,0.5,static_safe,adversarial,101,-0.04500706064063098,0.0,2.0,3.013786333761693,0.0
2.0,0.5,static_safe,adversarial,102,-0.05967033203995815,0.0,2.0,2.9657279839046975,0.0
2.0,0.5,static_safe,burst,100,0.09839886111954572,0.0,1.9702268035342274,2.0,0.0
2.0,0.5,static_safe,burst,101,0.09548353979568355,0.0,1.9833226062358258,2.0,0.0
2.0,0.5,static_safe,burst,102,0.0977408787089377,0.0,1.9830109600958732,2.0,0.0
2.0,0.5,static_safe,ramp,100,0.11840240947854032,0.0,1.84938778204917,2.0,0.0
2.0,0.5,static_safe,ramp,101,0.12463839884053461,0.0,1.8436361776096581,2.0,0.0
2.0,0.5,static_safe,ramp,102,0.11875462592196458,0.0,1.8448302751377692,2.0,0.0
2.0,0.5,static_safe,sawtooth,100,0.1670742265227904,0.0,1.9922297255918575,2.0,0.0
2.0,0.5,static_safe,sawtooth,101,0.17399408857848844,0.0,1.9941276136904849,2.0,0.0
2.0,0.5,static_safe,sawtooth,102,0.17033379406558585,0.0,1.9980622480420578,2.0,0.0
2.0,0.5,static_equal,adversarial,100,0.13490272571780088,0.0,3.395242005285787,5.68241230099818,0.0
2.0,0.5,static_equal,adversarial,101,0.13430304980608102,0.0,3.3909151877580483,5.526508884914903,0.0
2.0,0.5,static_equal,adversarial,102,0.1198334623007034,0.0,3.381531376091246,5.510993157443726,0.0
2.0,0.5,static_equal,burst,100,0.18944182933579856,0.0,2.638148374219868,3.375821129945088,0.0
2.0,0.5,static_equal,burst,101,0.18992301358016322,0.0,2.6683406589690977,3.4143939649152855,0.0
2.0,0.5,static_equal,burst,102,0.19062313818865442,0.0,2.661359340253915,3.3925483282844473,0.0
2.0,0.5,static_equal,ramp,100,0.2798911544442255,0.0,2.9287886320373016,2.526728700100383,0.0
2.0,0.5,static_equal,ramp,101,0.28149590832765664,0.0,2.8975205928722274,2.536807776822698,0.0
2.0,0.5,static_equal,ramp,102,0.27631844820122653,0.0,2.9018801010636865,2.537603211412665,0.0
2.0,0.5,static_equal,sawtooth,100,0.31898854253406245,0.0,3.0121610446016285,3.2987672210325774,0.0
2.0,0.5,static_equal,sawtooth,101,0.3218245021324071,0.0,2.9950740655246606,3.289924767956022,0.0
2.0,0.5,static_equal,sawtooth,102,0.3200873925462144,0.0,3.008194130571307,3.356470848367056,0.0
2.0,0.5,threshold,adversarial,100,0.1792354456288638,0.03333333333333333,4.8832488991682705,3.8319866141594794,0.040740740740740744
2.0,0.5,threshold,adversarial,101,0.22102819985557948,0.02962962962962963,4.967442341304454,4.624337027824596,0.02962962962962963
2.0,0.5,threshold,adversarial,102,0.20569944351801464,0.02962962962962963,4.957057590422353,3.8162045194398626,0.02962962962962963
2.0,0.5,threshold,burst,100,0.13481453479031127,0.014814814814814815,2.7736888799912043,5.247695647402504,0.037037037037037035
2.0,0.5,threshold,burst,101,0.13256723442299417,0.014814814814814815,2.788924174004335,5.265976613934069,0.037037037037037035
2.0,0.5,threshold,burst,102,0.13897471732827574,0.014814814814814815,2.796853762684271,5.328117909824268,0.044444444444444446
2.0,0.5,threshold,ramp,100,0.33811028034995705,0.0,3.3999737342753846,4.214598528794499,0.037037037037037035
2.0,0.5,threshold,ramp,101,0.3247431317696518,0.003703703703703704,3.3375831689658244,4.198676597750054,0.03333333333333333
2.0,0.5,threshold,ramp,102,0.33509841337751,0.0,3.3654325221508907,4.1903288488059856,0.02962962962962963
2.0,0.5,threshold,sawtooth,100,0.31285803586116606,0.018518518518518517,3.5135522107160293,5.300167895106024,0.08888888888888889
2.0,0.5,threshold,sawtooth,101,0.3547731020879139,0.007407407407407408,3.542093561839008,5.234362730394207,0.08148148148148149
2.0,0.5,threshold,sawtooth,102,0.30972132987558765,0.018518518518518517,3.5335246483879126,5.409917894466877,0.09259259259259259
2.0,0.5,linucb,adversarial,100,0.15699590306931238,0.03333333333333333,4.248745758015601,4.934779452020456,0.13333333333333333
2.0,0.5,linucb,adversarial,101,0.1190667711913502,0.02962962962962963,3.9677445000727483,5.747865341581024,0.12222222222222222
2.0,0.5,linucb,adversarial,102,0.14794414154927768,0.037037037037037035,4.391339208088116,5.132912593830846,0.15925925925925927
2.0,0.5,linucb,burst,100,0.16392478134355187,0.007407407407407408,2.7540026018462394,5.2132213272937316,0.037037037037037035
2.0,0.5,linucb,burst,101,0.16772994900141397,0.003703703703703704,2.7451699922355117,5.206773989086176,0.040740740740740744
2.0,0.5,linucb,burst,102,0.16874033163420762,0.003703703703703704,2.7662126252816823,5.249361191871686,0.14074074074074075
2.0,0.5,linucb,ramp,100,0.31826630591166855,0.003703703703703704,3.3147439600280224,4.178816026879354,0.02962962962962963
2.0,0.5,linucb,ramp,101,0.32585201298757843,0.0,3.3064165878313507,4.300644642551412,0.05185185185185185
2.0,0.5,linucb,ramp,102,0.318696321976633,0.0,3.323208195317758,5.318713351314842,0.17777777777777778
2.0,0.5,linucb,sawtooth,100,0.3410134257790504,0.007407407407407408,3.452973672113429,5.199581408388526,0.13703703703703704
2.0,0.5,linucb,sawtooth,101,0.34258821747826906,0.007407407407407408,3.38495759511044,5.101900775045728,0.07037037037037037
2.0,0.5,linucb,sawtooth,102,0.34213834312181224,0.007407407407407408,3.4238571420184543,5.237523143059044,0.03333333333333333
2.0,1.0,static_safe,adversarial,100,-0.3890552896813632,0.0,2.0,3.2009041157100344,0.0
2.0,1.0,static_safe,adversarial,101,-0.3911359495295198,0.0,2.0,3.013786333761693,0.0
2.0,1.0,static_safe,adversarial,102,-0.42108144315106927,0.0,2.0,2.9657279839046975,0.0
2.0,1.0,static_safe,burst,100,-0.11741002776934316,0.0,1.9702268035342274,2.0,0.0
2.0,1.0,static_safe,burst,101,-0.12117423798209423,0.0,1.9833226062358258,2.0,0.0
2.0,1.0,static_safe,burst,102,-0.11780578795772896,0.0,1.9830109600958732,2.0,0.0
2.0,1.0,static_safe,ramp,100,-0.050246479410348564,0.0,1.84938778204917,2.0,0.0
2.0,1.0,static_safe,ramp,101,-0.039974934492798715,0.0,1.8436361776096581,2.0,0.0
2.0,1.0,static_safe,ramp,102,-0.05054092963359098,0.0,1.8448302751377692,2.0,0.0
2.0,1.0,static_safe,sawtooth,100,0.0309342265227904,0.0,1.9922297255918575,2.0,0.0
2.0,1.0,static_safe,sawtooth,101,0.04149186635626619,0.0,1.9941276136904849,2.0,0.0
2.0,1.0,static_safe,sawtooth,102,0.03627601628780808,0.0,1.9980622480420578,2.0,0.0
2.0,1.0,static_equal,adversarial,100,-0.14304616317108804,0.0,3.395242005285787,5.68241230099818,0.0
2.0,1.0,static_equal,adversarial,101,-0.14467472797169675,0.0,3.3909151877580483,5.526508884914903,0.0
2.0,1.0,static_equal,adversarial,102,-0.1753287599215188,0.0,3.381531376091246,5.510993157443726,0.0
2.0,1.0,static_equal,burst,100,0.0013462737802429879,0.0,2.638148374219868,3.375821129945088,0.0
2.0,1.0,static_equal,burst,101,0.002336346913496587,0.0,2.6683406589690977,3.4143939649152855,0.0
2.0,1.0,static_equal,burst,102,0.0034742492997655657,0.0,2.661359340253915,3.3925483282844473,0.0
2.0,1.0,static_equal,ramp,100,0.16494893222200335,0.0,2.9287886320373016,2.526728700100383,0.0
2.0,1.0,static_equal,ramp,101,0.16880924166098993,0.0,2.8975205928722274,2.536807776822698,0.0
2.0,1.0,static_equal,ramp,102,0.15925400375678206,0.0,2.9018801010636865,2.537603211412665,0.0
2.0,1.0,static_equal,sawtooth,100,0.2331707647562847,0.0,3.0121610446016285,3.2987672210325774,0.0
2.0,1.0,static_equal,sawtooth,101,0.2378956132435182,0.0,2.9950740655246606,3.289924767956022,0.0
2.0,1.0,static_equal,sawtooth,102,0.23543183699065884,0.0,3.008194130571307,3.356470848367056,0.0
2.0,1.0,threshold,adversarial,100,-0.03837788770446953,0.03333333333333333,4.8832488991682705,3.8319866141594794,0.040740740740740744
2.0,1.0,threshold,adversarial,101,0.00783708874446839,0.02962962962962963,4.967442341304454,4.624337027824596,0.02962962962962963
2.0,1.0,threshold,adversarial,102,-0.022113889815318675,0.02962962962962963,4.957057590422353,3.8162045194398626,0.02962962962962963
2.0,1.0,threshold,burst,100,-0.05344546520968874,0.014814814814814815,2.7736888799912043,5.247695647402504,0.037037037037037035
2.0,1.0,threshold,burst,101,-0.05557054335478357,0.014814814814814815,2.788924174004335,5.265976613934069,0.037037037037037035
2.0,1.0,threshold,burst,102,-0.047134171560613114,0.014814814814814815,2.796853762684271,5.328117909824268,0.044444444444444446
2.0,1.0,threshold,ramp,100,0.2430325025721793,0.0,3.3999737342753846,4.214598528794499,0.037037037037037035
2.0,1.0,threshold,ramp,101,0.22902313176965178,0.003703703703703704,3.3375831689658244,4.198676597750054,0.03333333333333333
2.0,1.0,threshold,ramp,102,0.23644285782195448,0.0,3.3654325221508907,4.1903288488059856,0.02962962962962963
2.0,1.0,threshold,sawtooth,100,0.24630470252783274,0.018518518518518517,3.5135522107160293,5.300167895106024,0.08888888888888889
2.0,1.0,threshold,sawtooth,101,0.29009754653235836,0.007407407407407408,3.542093561839008,5.234362730394207,0.08148148148148149
2.0,1.0,threshold,sawtooth,102,0.24436355209780988,0.018518518518518517,3.5335246483879126,5.409917894466877,0.09259259259259259
2.0,1.0,linucb,adversarial,100,-0.10421342338389582,0.037037037037037035,4.269457656726452,5.420149135677118,0.15185185185185185
2.0,1.0,linucb,adversarial,101,-0.09148391442645759,0.040740740740740744,4.3111801187256775,5.3417903875485475,0.16666666666666666
2.0,1.0,linucb,adversarial,102,-0.06968150639790756,0.040740740740740744,4.687716880340751,5.2193244351045776,0.16296296296296298
2.0,1.0,linucb,burst,100,-0.02319673798678823,0.007407407407407408,2.817414201505751,5.257591477019625,0.10740740740740741
2.0,1.0,linucb,burst,101,-0.025172517532711776,0.007407407407407408,2.785597868100644,5.256133028821166,0.037037037037037035
2.0,1.0,linucb,burst,102,-0.037854042758931346,0.011111111111111112,2.7709367294802285,5.2386175126973935,0.04814814814814815
2.0,1.0,linucb,ramp,100,0.23466861809592296,0.0,3.3391587481895963,4.163890636010098,0.007407407407407408
2.0,1.0,linucb,ramp,101,0.22234760165681394,0.003703703703703704,3.3252952400360507,5.189114410120675,0.05185185185185185
2.0,1.0,linucb,ramp,102,0.2116777449100429,0.0,3.2934838065667775,4.943248793886663,0.08518518518518518
2.0,1.0,linucb,sawtooth,100,0.2597819653199459,0.011111111111111112,3.4193227892031866,5.211409199176608,0.11481481481481481
2.0,1.0,linucb,sawtooth,101,0.2743228301602171,0.007407407407407408,3.3946125307587076,5.141889658444971,0.05555555555555555
2.0,1.0,linucb,sawtooth,102,0.27216206375652674,0.007407407407407408,3.4253171986210007,5.287659415520095,0.044444444444444446
4.0,0.0,static_safe,adversarial,100,0.30307359920752563,0.0,2.0,3.2009041157100344,0.0
4.0,0.0,static_safe,adversarial,101,0.30112182824825795,0.0,2.0,3.013786333761693,0.0
4.0,0.0,static_safe,adversarial,102,0.30174077907115293,0.0,2.0,2.9657279839046975,0.0
4.0,0.0,static_safe,burst,100,0.3142077500084346,0.0,1.9702268035342274,2.0,0.0
4.0,0.0,static_safe,burst,101,0.31214131757346136,0.0,1.9833226062358258,2.0,0.0
4.0,0.0,static_safe,burst,102,0.3132875453756044,0.0,1.9830109600958732,2.0,0.0
4.0,0.0,static_safe,ramp,100,0.28705129836742915,0.0,1.84938778204917,2.0,0.0
4.0,0.0,static_safe,ramp,101,0.2892517321738679,0.0,1.8436361776096581,2.0,0.0
4.0,0.0,static_safe,ramp,102,0.28805018147752015,0.0,1.8448302751377692,2.0,0.0
4.0,0.0,static_safe,sawtooth,100,0.3032142265227904,0.0,1.9922297255918575,2.0,0.0
4.0,0.0,static_safe,sawtooth,101,0.3064963108007106,0.0,1.9941276136904849,2.0,0.0
4.0,0.0,static_safe,sawtooth,102,0.30439157184336363,0.0,1.9980622480420578,2.0,0.0
4.0,0.0,static_equal,adversarial,100,0.38409323715092974,0.0,3.395242005285787,5.68241230099818,0.0
4.0,0.0,static_equal,adversarial,101,0.3877845686665895,0.0,3.3909151877580483,5.526508884914903,0.0
4.0,0.0,static_equal,adversarial,102,0.3917933455298774,0.0,3.381531376091246,5.510993157443726,0.0
4.0,0.0,static_equal,burst,100,0.3775373848913541,0.0,2.638148374219868,3.375821129945088,0.0
4.0,0.0,static_equal,burst,101,0.3775096802468299,0.0,2.6683406589690977,3.4143939649152855,0.0
4.0,0.0,static_equal,burst,102,0.3777720270775433,0.0,2.661359340253915,3.3925483282844473,0.0
4.0,0.0,static_equal,ramp,100,0.3948333766664478,0.0,2.9287886320373016,2.526728700100383,0.0
4.0,0.0,static_equal,ramp,101,0.3941825749943233,0.0,2.8975205928722274,2.536807776822698,0.0
4.0,0.0,static_equal,ramp,102,0.39338289264567095,0.0,2.9018801010636865,2.537603211412665,0.0
4.0,0.0,static_equal,sawtooth,100,0.4048063203118402,0.0,3.0121610446016285,3.2987672210325774,0.0
4.0,0.0,static_equal,sawtooth,101,0.405753391021296,0.0,2.9950740655246606,3.289924767956022,0.0
4.0,0.0,static_equal,sawtooth,102,0.40474294810177,0.0,3.008194130571307,3.356470848367056,0.0
4.0,0.0,threshold,adversarial,100,0.2783918679103593,0.03333333333333333,4.8832488991682705,3.8319866141594794,0.040740740740740744
4.0,0.0,threshold,adversarial,101,0.33904226213579064,0.02962962962962963,4.967442341304454,4.624337027824596,0.02962962962962963
4.0,0.0,threshold,adversarial,102,0.33742960830517776,0.02962962962962963,4.957057590422353,3.8162045194398626,0.02962962962962963
4.0,0.0,threshold,burst,100,0.28885180162969676,0.014814814814814815,2.7736888799912043,5.247695647402504,0.037037037037037035
4.0,0.0,threshold,burst,101,0.28546258486056403,0.014814814814814815,2.788924174004335,5.265976613934069,0.037037037037037035
4.0,0.0,threshold,burst,102,0.2919158770675891,0.014814814814814815,2.796853762684271,5.328117909824268,0.044444444444444446
4.0,0.0,threshold,ramp,100,0.4266680537074994,0.0,3.3999737342753846,4.214598528794499,0.037037037037037035
4.0,0.0,threshold,ramp,101,0.413203520141828,0.003703703703703704,3.3375831689658244,4.198676597750054,0.03333333333333333
4.0,0.0,threshold,ramp,102,0.4306306723454931,0.0,3.3654325221508907,4.1903288488059856,0.02962962962962963
4.0,0.0,threshold,sawtooth,100,0.3443961871297758,0.018518518518518517,3.5135522107160293,5.300167895106024,0.08888888888888889
4.0,0.0,threshold,sawtooth,101,0.39811552795777283,0.007407407407407408,3.542093561839008,5.234362730394207,0.08148148148148149
4.0,0.0,threshold,sawtooth,102,0.3341006870469744,0.018518518518518517,3.5335246483879126,5.409917894466877,0.09259259259259259
4.0,0.0,linucb,adversarial,100,0.3270602099230057,0.018518518518518517,3.5989591091882875,5.274860450384337,0.06296296296296296
4.0,0.0,linucb,adversarial,101,0.3269295721502902,0.018518518518518517,3.6183921642591863,5.2423948654259105,0.12222222222222222
4.0,0.0,linucb,adversarial,102,0.3006395333066554,0.018518518518518517,3.306336366703519,5.280212513980106,0.06666666666666667
4.0,0.0,linucb,burst,100,0.35950585407223423,0.0,2.711289174061723,5.183004236249556,0.0
4.0,0.0,linucb,burst,101,0.3449204089738287,0.003703703703703704,2.695778239021751,5.124642587918292,0.014814814814814815
4.0,0.0,linucb,burst,102,0.3600817946646905,0.0,2.718479979988065,5.103647179645521,0.025925925925925925
4.0,0.0,linucb,ramp,100,0.41795738558384504,0.003703703703703704,3.3279940051687453,4.146532512968658,0.018518518518518517
4.0,0.0,linucb,ramp,101,0.4311430921173391,0.0,3.3139687195574408,4.17305257864053,0.007407407407407408
4.0,0.0,linucb,ramp,102,0.431644741636646,0.0,3.3266289945762786,4.142665016608126,0.0
4.0,0.0,linucb,sawtooth,100,0.40487329206693495,0.003703703703703704,3.4052963171275925,5.097666205345004,0.037037037037037035
4.0,0.0,linucb,sawtooth,101,0.4120277074157954,0.003703703703703704,3.382267227949115,5.021774891754779,0.022222222222222223
4.0,0.0,linucb,sawtooth,102,0.3993121656756194,0.003703703703703704,3.385475653719959,5.2094257102766655,0.037037037037037035
4.0,0.5,static_safe,adversarial,100,-0.04299084523691879,0.0,2.0,3.2009041157100344,0.0
4.0,0.5,static_safe,adversarial,101,-0.04500706064063098,0.0,2.0,3.013786333761693,0.0
4.0,0.5,static_safe,adversarial,102,-0.05967033203995815,0.0,2.0,2.9657279839046975,0.0
4.0,0.5,static_safe,burst,100,0.09839886111954572,0.0,1.9702268035342274,2.0,0.0
4.0,0.5,static_safe,burst,101,0.09548353979568355,0.0,1.9833226062358258,2.0,0.0
4.0,0.5,static_safe,burst,102,0.0977408787089377,0.0,1.9830109600958732,2.0,0.0
4.0,0.5,static_safe,ramp,100,0.11840240947854032,0.0,1.84938778204917,2.0,0.0
4.0,0.5,static_safe,ramp,101,0.12463839884053461,0.0,1.8436361776096581,2.0,0.0
4.0,0.5,static_safe,ramp,102,0.11875462592196458,0.0,1.8448302751377692,2.0,0.0
4.0,0.5,static_safe,sawtooth,100,0.1670742265227904,0.0,1.9922297255918575,2.0,0.0
4.0,0.5,static_safe,sawtooth,101,0.17399408857848844,0.0,1.9941276136904849,2.0,0.0
4.0,0.5,static_safe,sawtooth,102,0.17033379406558585,0.0,1.9980622480420578,2.0,0.0
4.0,0.5,static_equal,adversarial,100,0.10614434826204087,0.0,3.395242005285787,5.68241230099818,0.0
4.0,0.5,static_equal,adversarial,101,0.10880679088881172,0.0,3.3909151877580483,5.526508884914903,0.0
4.0,0.5,static_equal,adversarial,102,0.0966311233076552,0.0,3.381531376091246,5.510993157443726,0.0
4.0,0.5,static_equal,burst,100,0.18944182933579856,0.0,2.638148374219868,3.375821129945088,0.0
4.0,0.5,static_equal,burst,101,0.18992301358016322,0.0,2.6683406589690977,3.4143939649152855,0.0
4.0,0.5,static_equal,burst,102,0.19062313818865442,0.0,2.661359340253915,3.3925483282844473,0.0
4.0,0.5,static_equal,ramp,100,0.2798911544442255,0.0,2.9287886320373016,2.526728700100383,0.0
4.0,0.5,static_equal,ramp,101,0.28149590832765664,0.0,2.8975205928722274,2.536807776822698,0.0
4.0,0.5,static_equal,ramp,102,0.27631844820122653,0.0,2.9018801010636865,2.537603211412665,0.0
4.0,0.5,static_equal,sawtooth,100,0.31898854253406245,0.0,3.0121610446016285,3.2987672210325774,0.0
4.0,0.5,static_equal,sawtooth,101,0.3218245021324071,0.0,2.9950740655246606,3.289924767956022,0.0
4.0,0.5,static_equal,sawtooth,102,0.3200873925462144,0.0,3.008194130571307,3.356470848367056,0.0
4.0,0.5,threshold,adversarial,100,0.06077853457702597,0.03333333333333333,4.8832488991682705,3.8319866141594794,0.040740740740740744
4.0,0.5,threshold,adversarial,101,0.12585115102467953,0.02962962962962963,4.967442341304454,4.624337027824596,0.02962962962962963
4.0,0.5,threshold,adversarial,102,0.10961627497184444,0.02962962962962963,4.957057590422353,3.8162045194398626,0.02962962962962963
4.0,0.5,threshold,burst,100,0.10059180162969682,0.014814814814814815,2.7736888799912043,5.247695647402504,0.037037037037037035
4.0,0.5,threshold,burst,101,0.09732480708278624,0.014814814814814815,2.788924174004335,5.265976613934069,0.037037037037037035
4.0,0.5,threshold,burst,102,0.10580698817870021,0.014814814814814815,2.796853762684271,5.328117909824268,0.044444444444444446
4.0,0.5,threshold,ramp,100,0.3315902759297216,0.0,3.3999737342753846,4.214598528794499,0.037037037037037035
4.0,0.5,threshold,ramp,101,0.31748352014182796,0.003703703703703704,3.3375831689658244,4.198676597750054,0.03333333333333333
4.0,0.5,threshold,ramp,102,0.3319751167899376,0.0,3.3654325221508907,4.1903288488059856,0.02962962962962963
4.0,0.5,threshold,sawtooth,100,0.2778428537964425,0.018518518518518517,3.5135522107160293,5.300167895106024,0.08888888888888889
4.0,0.5,threshold,sawtooth,101,0.3334399724022173,0.007407407407407408,3.542093561839008,5.234362730394207,0.08148148148148149
4.0,0.5,threshold,sawtooth,102,0.2687429092691966,0.018518518518518517,3.5335246483879126,5.409917894466877,0.09259259259259259
4.0,0.5,linucb,adversarial,100,0.10219363776135347,0.022222222222222223,3.9877199294909653,5.181911552429145,0.08148148148148149
4.0,0.5,linucb,adversarial,101,0.03855117007303139,0.025925925925925925,3.734315109232805,5.595068060637136,0.10740740740740741
4.0,0.5,linucb,adversarial,102,0.0575327719673193,0.025925925925925925,3.803713492808005,5.254704846557154,0.0962962962962963
4.0,0.5,linucb,burst,100,0.1446175704831374,0.007407407407407408,2.7186671534008577,5.212479421995644,0.037037037037037035
4.0,0.5,linucb,burst,101,0.1543153157644639,0.003703703703703704,2.725345721905186,5.1849691639834425,0.022222222222222223
4.0,0.5,linucb,burst,102,0.15774814981708665,0.003703703703703704,2.706036049901106,5.114378927838921,0.014814814814814815
4.0,0.5,linucb,ramp,100,0.3139677271115525,0.003703703703703704,3.316438991458333,4.153589308148372,0.018518518518518517
4.0,0.5,linucb,ramp,101,0.33039275838315585,0.0,3.3110443114705466,4.17472960038135,0.007407407407407408
4.0,0.5,linucb,ramp,102,0.3256589326165618,0.0,3.315850103465197,4.159450753080849,0.007407407407407408
4.0,0.5,linucb,sawtooth,100,0.313786662238896,0.011111111111111112,3.4223173770920194,5.135194248718839,0.1037037037037037
4.0,0.5,linucb,sawtooth,101,0.33736537308986364,0.003703703703703704,3.381295953249955,5.0794021689672855,0.05185185185185185
4.0,0.5,linucb,sawtooth,102,0.32102626182115424,0.007407407407407408,3.3978701334948362,5.2094257102766655,0.03333333333333333
4.0,1.0,static_safe,adversarial,100,-0.3890552896813632,0.0,2.0,3.2009041157100344,0.0
4.0,1.0,static_safe,adversarial,101,-0.3911359495295198,0.0,2.0,3.013786333761693,0.0
4.0,1.0,static_safe,adversarial,102,-0.42108144315106927,0.0,2.0,2.9657279839046975,0.0
4.0,1.0,static_safe,burst,100,-0.11741002776934316,0.0,1.9702268035342274,2.0,0.0
4.0,1.0,static_safe,burst,101,-0.12117423798209423,0.0,1.9833226062358258,2.0,0.0
4.0,1.0,static_safe,burst,102,-0.11780578795772896,0.0,1.9830109600958732,2.0,0.0
4.0,1.0,static_safe,ramp,100,-0.050246479410348564,0.0,1.84938778204917,2.0,0.0
4.0,1.0,static_safe,ramp,101,-0.039974934492798715,0.0,1.8436361776096581,2.0,0.0
4.0,1.0,static_safe,ramp,102,-0.05054092963359098,0.0,1.8448302751377692,2.0,0.0
4.0,1.0,static_safe,sawtooth,100,0.0309342265227904,0.0,1.9922297255918575,2.0,0.0
4.0,1.0,static_safe,sawtooth,101,0.04149186635626619,0.0,1.9941276136904849,2.0,0.0
4.0,1.0,static_safe,sawtooth,102,0.03627601628780808,0.0,1.9980622480420578,2.0,0.0
4.0,1.0,static_equal,adversarial,100,-0.171804540626848,0.0,3.395242005285787,5.68241230099818,0.0
4.0,1.0,static_equal,adversarial,101,-0.17017098688896606,0.0,3.3909151877580483,5.526508884914903,0.0
4.0,1.0,static_equal,adversarial,102,-0.198531098914567,0.0,3.381531376091246,5.510993157443726,0.0
4.0,1.0,static_equal,burst,100,0.0013462737802429879,0.0,2.638148374219868,3.375821129945088,0.0
4.0,1.0,static_equal,burst,101,0.002336346913496587,0.0,2.6683406589690977,3.4143939649152855,0.0
4.0,1.0,static_equal,burst,102,0.0034742492997655657,0.0,2.661359340253915,3.3925483282844473,0.0
4.0,1.0,static_equal,ramp,100,0.16494893222200335,0.0,2.9287886320373016,2.526728700100383,0.0
4.0,1.0,static_equal,ramp,101,0.16880924166098993,0.0,2.8975205928722274,2.536807776822698,0.0
4.0,1.0,static_equal,ramp,102,0.15925400375678206,0.0,2.9018801010636865,2.537603211412665,0.0
4.0,1.0,static_equal,sawtooth,100,0.2331707647562847,0.0,3.0121610446016285,3.2987672210325774,0.0
4.0,1.0,static_equal,sawtooth,101,0.2378956132435182,0.0,2.9950740655246606,3.289924767956022,0.0
4.0,1.0,static_equal,sawtooth,102,0.23543183699065884,0.0,3.008194130571307,3.356470848367056,0.0
4.0,1.0,threshold,adversarial,100,-0.15683479875630735,0.03333333333333333,4.8832488991682705,3.8319866141594794,0.040740740740740744
4.0,1.0,threshold,adversarial,101,-0.08733996008643156,0.02962962962962963,4.967442341304454,4.624337027824596,0.02962962962962963
4.0,1.0,threshold,adversarial,102,-0.11819705836148889,0.02962962962962963,4.957057590422353,3.8162045194398626,0.02962962962962963
4.0,1.0,threshold,burst,100,-0.08766819837030318,0.014814814814814815,2.7736888799912043,5.247695647402504,0.037037037037037035
4.0,1.0,threshold,burst,101,-0.09081297069499152,0.014814814814814815,2.788924174004335,5.265976613934069,0.037037037037037035
4.0,1.0,threshold,burst,102,-0.08030190071018868,0.014814814814814815,2.796853762684271,5.328117909824268,0.044444444444444446
4.0,1.0,threshold,ramp,100,0.23651249815194383,0.0,3.3999737342753846,4.214598528794499,0.037037037037037035
4.0,1.0,threshold,ramp,101,0.22176352014182796,0.003703703703703704,3.3375831689658244,4.198676597750054,0.03333333333333333
4.0,1.0,threshold,ramp,102,0.23331956123438202,0.0,3.3654325221508907,4.1903288488059856,0.02962962962962963
4.0,1.0,threshold,sawtooth,100,0.21128952046310917,0.018518518518518517,3.5135522107160293,5.300167895106024,0.08888888888888889
4.0,1.0,threshold,sawtooth,101,0.2687644168466617,0.007407407407407408,3.542093561839008,5.234362730394207,0.08148148148148149
4.0,1.0,threshold,sawtooth,102,0.2033851314914188,0.018518518518518517,3.5335246483879126,5.409917894466877,0.09259259259259259
4.0,1.0,linucb,adversarial,100,-0.24586727033280473,0.025925925925925925,3.6764796110979994,5.469642671256245,0.11851851851851852
4.0,1.0,linucb,adversarial,101,-0.18184509914798624,0.02962962962962963,4.03446655076766,5.696730963115651,0.12222222222222222
4.0,1.0,linucb,adversarial,102,-0.12811606215919777,0.03333333333333333,4.577776909682189,5.01242727003067,0.13333333333333333
4.0,1.0,linucb,burst,100,-0.012104449919581367,0.0,2.770189039696577,5.244267680894759,0.0
4.0,1.0,linucb,burst,101,-0.03652092168867067,0.003703703703703704,2.7775467369766553,5.270496170379289,0.014814814814814815
4.0,1.0,linucb,burst,102,-0.06150948894037252,0.011111111111111112,2.749745034099404,5.219111030186867,0.05185185185185185
4.0,1.0,linucb,ramp,100,0.2338185903427221,0.0,3.334665261973994,4.146532512968658,0.0
4.0,1.0,linucb,ramp,101,0.22252387164182424,0.0,3.2986552372108946,4.2052511247589095,0.022222222222222223
4.0,1.0,linucb,ramp,102,0.20058090888750998,0.003703703703703704,3.264324027700367,4.195693427164236,0.037037037037037035
4.0,1.0,linucb,sawtooth,100,0.253596591612405,0.007407407407407408,3.438077074101479,5.1929936084750965,0.13703703703703704
4.0,1.0,linucb,sawtooth,101,0.2664218555912512,0.003703703703703704,3.3926479107079923,5.117647898663521,0.044444444444444446
4.0,1.0,linucb,sawtooth,102,0.24642042750161375,0.011111111111111112,3.422969560723424,5.229480755017001,0.044444444444444446
0.25,0.0,linucb_pretrained,adversarial,100,0.4828618467537867,0.025925925925925925,4.386176901443056,5.412617537784214,0.1037037037037037
0.25,0.0,linucb_pretrained,adversarial,101,0.4825984269336799,0.025925925925925925,4.396115803393204,5.123974622792418,0.1037037037037037
0.25,0.0,linucb_pretrained,adversarial,102,0.4840649357370049,0.025925925925925925,4.402369706979208,4.7470712290302925,0.1037037037037037
0.25,0.0,linucb_pretrained,burst,100,0.39798193431734974,0.0,2.9318401364188915,5.256020128111949,0.0
0.25,0.0,linucb_pretrained,burst,101,0.39715956681156706,0.0,2.9547138169510463,5.326133966329038,0.0
0.25,0.0,linucb_pretrained,burst,102,0.3982995072654158,0.0,2.9577376787209366,5.323189890382475,0.0
0.25,0.0,linucb_pretrained,ramp,100,0.4387600563676819,0.0,3.4141796631262067,5.405768504808729,0.35555555555555557
0.25,0.0,linucb_pretrained,ramp,101,0.43794304288304353,0.0,3.392842042760056,5.421029959231208,0.37037037037037035
0.25,0.0,linucb_pretrained,ramp,102,0.436931877028607,0.0,3.3931718141707674,5.4071424763912574,0.37407407407407406
0.25,0.0,linucb_pretrained,sawtooth,100,0.4500991626724639,0.0,3.507966115064129,5.254948547745902,0.0
0.25,0.0,linucb_pretrained,sawtooth,101,0.4497187534951829,0.0,3.482304236175627,5.272270808023766,0.0
0.25,0.0,linucb_pretrained,sawtooth,102,0.4494911081205633,0.0,3.5025491813823693,5.328238717131643,0.0
0.25,0.5,linucb_pretrained,adversarial,100,0.27790879715851374,0.025925925925925925,4.6232330916079984,5.412617537784214,0.1037037037037037
0.25,0.5,linucb_pretrained,adversarial,101,0.26602768694734513,0.02962962962962963,4.596059266658548,4.83714082513354,0.11851851851851852
0.25,0.5,linucb_pretrained,adversarial,102,0.23834108689212294,0.02962962962962963,4.508398555864123,4.673684060504716,0.11851851851851852
0.25,0.5,linucb_pretrained,burst,100,0.2134143137190191,0.0,2.9311726374401057,5.257591477019625,0.0
0.25,0.5,linucb_pretrained,burst,101,0.21281913640375782,0.0,2.9475609906265046,5.321620797213681,0.0
0.25,0.5,linucb_pretrained,burst,102,0.21447776348213995,0.0,2.948165094217426,5.31649688593981,0.0
0.25,0.5,linucb_pretrained,ramp,100,0.3435574903086806,0.0,3.4117496058214263,5.422128659699741,0.37407407407407406
0.25,0.5,linucb_pretrained,ramp,101,0.34390392782624507,0.0,3.395295215112707,5.470493492577303,0.37037037037037035
0.25,0.5,linucb_pretrained,ramp,102,0.33783734286757544,0.0,3.390254274692552,5.426133309083472,0.3888888888888889
0.25,0.5,linucb_pretrained,sawtooth,100,0.38331997846199234,0.0,3.493221964595147,5.237602225162429,0.0
0.25,0.5,linucb_pretrained,sawtooth,101,0.38396142707523145,0.0,3.467701919441539,5.248576772663661,0.0
0.25,0.5,linucb_pretrained,sawtooth,102,0.3837609233704383,0.0,3.488564119947353,5.291656502312552,0.0
0.25,1.0,linucb_pretrained,adversarial,100,0.09734687172052638,0.02962962962962963,5.0347865317595915,5.1221530240522,0.11851851851851852
0.25,1.0,linucb_pretrained,adversarial,101,0.11100902756397203,0.02962962962962963,5.077417820876517,4.962028476481614,0.11851851851851852
0.25,1.0,linucb_pretrained,adversarial,102,0.08126055587934043,0.02962962962962963,5.075789096505942,4.673684060504716,0.11851851851851852
0.25,1.0,linucb_pretrained,burst,100,0.029359001785777085,0.0,2.9340761939593003,5.257591477019625,0.0
0.25,1.0,linucb_pretrained,burst,101,0.028917218359242665,0.0,2.947464507694635,5.326133966329038,0.0
0.25,1.0,linucb_pretrained,burst,102,0.03194986956714608,0.0,2.949634351582066,5.31649688593981,0.0
0.25,1.0,linucb_pretrained,ramp,100,0.24911536444396332,0.0,3.403037384476229,4.296077457247384,0.13703703703703704
0.25,1.0,linucb_pretrained,ramp,101,0.24978398043108607,0.0,3.376320524647541,4.265585725827622,0.07777777777777778
0.25,1.0,linucb_pretrained,ramp,102,0.2393537414289594,0.0,3.3733909481605076,4.443023948036162,0.15185185185185185
0.25,1.0,linucb_pretrained,sawtooth,100,0.33053873212935997,0.0,3.578721123043369,5.247053712800793,0.05185185185185185
0.25,1.0,linucb_pretrained,sawtooth,101,0.330039451198093,0.0,3.5635034910970953,5.272270808023766,0.044444444444444446
0.25,1.0,linucb_pretrained,sawtooth,102,0.33309034156055267,0.0,3.5867247431702487,5.308415709296864,0.02962962962962963
0.5,0.0,linucb_pretrained,adversarial,100,0.5037258964255439,0.02962962962962963,4.995799072627783,5.1221530240522,0.11851851851851852
0.5,0.0,linucb_pretrained,adversarial,101,0.5094227197728294,0.02962962962962963,5.007098687304538,4.962028476481614,0.11851851851851852
0.5,0.0,linucb_pretrained,adversarial,102,0.5099230427947387,0.02962962962962963,5.0077269922177825,4.673684060504716,0.11851851851851852
0.5,0.0,linucb_pretrained,burst,100,0.3952890880314561,0.0,2.9265259188165427,5.256020128111949,0.0
0.5,0.0,linucb_pretrained,burst,101,0.3944139823531331,0.0,2.9515600944402642,5.321620797213681,0.0
0.5,0.0,linucb_pretrained,burst,102,0.3945589553433088,0.0,2.9475136403878994,5.323189890382475,0.0
0.5,0.0,linucb_pretrained,ramp,100,0.43864491991940674,0.0,3.4052197847118335,4.223682746990761,0.16666666666666666
0.5,0.0,linucb_pretrained,ramp,101,0.43666526899167835,0.0,3.3797123435097167,4.300644642551412,0.18888888888888888
0.5,0.0,linucb_pretrained,ramp,102,0.4356411028527909,0.0,3.3761674895620346,4.202709893263899,0.1925925925925926
0.5,0.0,linucb_pretrained,sawtooth,100,0.447871386981201,0.0,3.5013785454461894,5.254948547745902,0.0
0.5,0.0,linucb_pretrained,sawtooth,101,0.4477613229079413,0.0,3.480177433866657,5.272270808023766,0.0
0.5,0.0,linucb_pretrained,sawtooth,102,0.44709635177127754,0.0,3.4968727957373584,5.328238717131643,0.0
0.5,0.5,linucb_pretrained,adversarial,100,0.29279574480875714,0.02962962962962963,5.012481459257248,5.1221530240522,0.11851851851851852
0.5,0.5,linucb_pretrained,adversarial,101,0.30194441026575175,0.02962962962962963,5.038922096264382,4.962028476481614,0.11851851851851852
0.5,0.5,linucb_pretrained,adversarial,102,0.2870795718474369,0.02962962962962963,5.031794448149373,4.673684060504716,0.11851851851851852
0.5,0.5,linucb_pretrained,burst,100,0.21117969990052682,0.0,2.9323896981966557,5.257591477019625,0.0
0.5,0.5,linucb_pretrained,burst,101,0.21060434822272694,0.0,2.952332287303354,5.326133966329038,0.0
0.5,0.5,linucb_pretrained,burst,102,0.21195702779057973,0.0,2.952673347006809,5.323189890382475,0.0
0.5,0.5,linucb_pretrained,ramp,100,0.34270850681393294,0.0,3.406140218463795,5.108602070825315,0.22962962962962963
0.5,0.5,linucb_pretrained,ramp,101,0.342465107939326,0.0,3.38508477340755,5.320379298098076,0.23703703703703705
0.5,0.5,linucb_pretrained,ramp,102,0.336371710955477,0.0,3.379263318118853,5.303596319997139,0.24444444444444444
0.5,0.5,linucb_pretrained,sawtooth,100,0.3815571789815541,0.0,3.490863277965981,5.237602225162429,0.0
0.5,0.5,linucb_pretrained,sawtooth,101,0.3823753390774117,0.0,3.467701919441539,5.248576772663661,0.0
0.5,1.0,linucb_pretrained,adversarial,100,0.08242097495583857,0.02962962962962963,5.0347865317595915,5.1221530240522,0.11851851851851852
0.5,1.0,linucb_pretrained,adversarial,101,0.09899646521277719,0.02962962962962963,5.077417820876517,4.962028476481614,0.11851851851851852
0.5,1.0,linucb_pretrained,adversarial,102,0.06899014256983767,0.02962962962962963,5.075789096505942,4.673684060504716,0.11851851851851852
0.5,1.0,linucb_pretrained,burst,100,0.026461449051532672,0.0,2.9253482789808705,5.257591477019625,0.0
0.5,1.0,linucb_pretrained,burst,101,0.025949284253760974,0.0,2.946829262719918,5.321620797213681,0.0
0.5,1.0,linucb_pretrained,burst,102,0.02931583192466517,0.0,2.947314584361962,5.31649688593981,0.0
0.5,1.0,linucb_pretrained,ramp,100,0.24834937930730602,0.0,3.4032056472332743,4.247674711342802,0.12222222222222222
0.5,1.0,linucb_pretrained,ramp,101,0.2487495373817154,0.0,3.3752162031929425,4.262724489077209,0.06296296296296296
0.5,1.0,linucb_pretrained,ramp,102,0.23844559904859935,0.0,3.3733909481605076,4.443023948036162,0.13333333333333333
0.5,0.5,linucb_pretrained,sawtooth,102,0.3813139609977781,0.0,3.479615603457654,5.245764014979784,0.0
0.5,1.0,linucb_pretrained,sawtooth,100,0.3276153594861461,0.0,3.5748141499179393,5.247053712800793,0.17037037037037037
0.5,1.0,linucb_pretrained,sawtooth,101,0.3284392366168065,0.0,3.5554536610357546,5.255170958113571,0.1962962962962963
0.5,1.0,linucb_pretrained,sawtooth,102,0.330414835833712,0.0,3.5834704191558733,5.308415709296864,0.14814814814814814
1.0,0.0,linucb_pretrained,adversarial,100,0.47410260402229965,0.018518518518518517,4.293521488843547,5.41258013500107,0.07407407407407407
1.0,0.0,linucb_pretrained,adversarial,101,0.4596504353203927,0.025925925925925925,4.301802419587433,5.123974622792418,0.1037037037037037
1.0,0.0,linucb_pretrained,adversarial,102,0.4787020935644147,0.018518518518518517,4.321657779753133,5.3860111187684625,0.07407407407407407
1.0,0.5,linucb_pretrained,adversarial,100,0.25237683252903037,0.025925925925925925,4.6231172079043406,5.412617537784214,0.1037037037037037
1.0,0.5,linucb_pretrained,adversarial,101,0.24322107699159667,0.02962962962962963,4.599319180259777,4.83714082513354,0.11851851851851852
1.0,0.5,linucb_pretrained,adversarial,102,0.2335985959796816,0.025925925925925925,4.567340189794431,4.7470712290302925,0.1037037037037037
1.0,1.0,linucb_pretrained,adversarial,100,0.05714309546098356,0.02962962962962963,4.840081892975604,4.76557873641279,0.11851851851851852
1.0,1.0,linucb_pretrained,adversarial,101,0.07722406257950759,0.02962962962962963,4.911959675953715,4.86035655104756,0.11851851851851852
1.0,1.0,linucb_pretrained,adversarial,102,0.05588491969775442,0.025925925925925925,4.90357434020287,4.907392095768832,0.1037037037037037
1.0,0.0,linucb_pretrained,burst,100,0.3905941692917041,0.0,2.9282124145791877,5.256020128111949,0.0
1.0,0.0,linucb_pretrained,burst,101,0.389128750373486,0.0,2.9538196677110697,5.326133966329038,0.0
1.0,0.0,linucb_pretrained,burst,102,0.38949725522337675,0.0,2.951293567865859,5.323189890382475,0.0
1.0,0.5,linucb_pretrained,burst,100,0.2063483206136952,0.0,2.930074990825653,5.257591477019625,0.0
1.0,0.5,linucb_pretrained,burst,101,0.20481805038384238,0.0,2.9445696894491125,5.308818243430763,0.0
1.0,0.5,linucb_pretrained,burst,102,0.20670997311410444,0.0,2.948165094217426,5.31649688593981,0.0
1.0,1.0,linucb_pretrained,burst,100,0.021974447418937202,0.0,2.9340761939593003,5.257591477019625,0.0
1.0,1.0,linucb_pretrained,burst,101,0.021700698937728913,0.0,2.9547138169510463,5.326133966329038,0.0
1.0,1.0,linucb_pretrained,burst,102,0.02417564612141565,0.0,2.9577376787209366,5.323189890382475,0.0
1.0,0.0,linucb_pretrained,ramp,100,0.4392900167107464,0.0,3.393219471807348,4.138507249846417,0.0
1.0,0.0,linucb_pretrained,ramp,101,0.4380637272514615,0.0,3.3656287561376748,4.17305257864053,0.0
1.0,0.0,linucb_pretrained,ramp,102,0.4366688467219443,0.0,3.3624141249762545,4.146134477175757,0.0
1.0,0.5,linucb_pretrained,ramp,100,0.34411379593638675,0.0,3.393219471807348,4.141114923084063,0.0
1.0,0.5,linucb_pretrained,ramp,101,0.3439570605847948,0.0,3.3656287561376748,4.17305257864053,0.0
1.0,0.5,linucb_pretrained,ramp,102,0.3380177356108332,0.0,3.3624141249762545,4.146134477175757,0.003703703703703704
1.0,1.0,linucb_pretrained,ramp,100,0.24921678639817935,0.0,3.394973258219937,4.141114923084063,0.0
1.0,1.0,linucb_pretrained,ramp,101,0.24967088438415252,0.0,3.366216933552463,4.17472960038135,0.0
1.0,1.0,linucb_pretrained,ramp,102,0.2391112272134907,0.0,3.3629377092091066,4.149126364202632,0.011111111111111112
1.0,0.0,linucb_pretrained,sawtooth,100,0.44385148507888084,0.0,3.4753398672455766,5.199581408388526,0.0
1.0,0.0,linucb_pretrained,sawtooth,101,0.44347816369537274,0.0,3.452407834993963,5.228978127949184,0.0
1.0,0.0,linucb_pretrained,sawtooth,102,0.44288457698191835,0.0,3.4765942100548144,5.272259246485315,0.0
1.0,0.5,linucb_pretrained,sawtooth,100,0.37864056348076913,0.0,3.483368929418724,5.218970785964815,0.0
1.0,0.5,linucb_pretrained,sawtooth,101,0.3787657861925863,0.0,3.457334254806189,5.228978127949184,0.0
1.0,0.5,linucb_pretrained,sawtooth,102,0.37826767527015004,0.0,3.4688291566383556,5.224381080279238,0.0
1.0,1.0,linucb_pretrained,sawtooth,100,0.3126239132930016,0.0,3.488533385875702,5.230932209363297,0.0
1.0,1.0,linucb_pretrained,sawtooth,101,0.3140198122869326,0.0,3.4619503949853625,5.248576772663661,0.0
1.0,1.0,linucb_pretrained,sawtooth,102,0.3131681458440553,0.0,3.4711530554865795,5.224381080279238,0.0
2.0,0.0,linucb_pretrained,adversarial,100,0.4697420697740942,0.018518518518518517,4.379757605025399,4.193975108279501,0.037037037037037035
2.0,0.0,linucb_pretrained,adversarial,101,0.4459383259664234,0.025925925925925925,4.315767205068494,4.729563330640778,0.037037037037037035
2.0,0.0,linucb_pretrained,adversarial,102,0.45046841548344924,0.025925925925925925,4.356659595291292,4.136947530029673,0.02962962962962963
2.0,0.5,linucb_pretrained,adversarial,100,0.19589943544692642,0.02962962962962963,4.868556898025866,5.1221530240522,0.11851851851851852
2.0,0.5,linucb_pretrained,adversarial,101,0.22758694189537113,0.02962962962962963,4.897761180795711,4.962028476481614,0.11851851851851852
2.0,0.5,linucb_pretrained,adversarial,102,0.2089501029928646,0.02962962962962963,4.853593021461461,4.673684060504716,0.11851851851851852
2.0,1.0,linucb_pretrained,adversarial,100,-0.014210618896513805,0.025925925925925925,4.386176901443056,5.412617537784214,0.1037037037037037
2.0,1.0,linucb_pretrained,adversarial,101,-0.007557402066078316,0.025925925925925925,4.396115803393204,5.123974622792418,0.1037037037037037
2.0,1.0,linucb_pretrained,adversarial,102,-0.03512443281737078,0.025925925925925925,4.402369706979208,4.7470712290302925,0.1037037037037037
2.0,0.0,linucb_pretrained,burst,100,0.3807798992778325,0.0,2.816675103347231,5.1756548430432945,0.0
2.0,0.0,linucb_pretrained,burst,101,0.37800960280108464,0.0,2.848213365734629,5.224162972339464,0.0
2.0,0.0,linucb_pretrained,burst,102,0.3782331825240026,0.0,2.8832016979145068,5.30997653994303,0.0
2.0,0.5,linucb_pretrained,burst,100,0.19690186231151446,0.0,2.8647617330921036,5.230072513258784,0.0
2.0,0.5,linucb_pretrained,burst,101,0.19504508704689877,0.0,2.881335096395813,5.256133028821166,0.0
2.0,0.5,linucb_pretrained,burst,102,0.1922655339298128,0.0,2.866771427201692,5.275352393759577,0.0
2.0,1.0,linucb_pretrained,burst,100,0.010264188658954284,0.0,2.892682037024692,5.251820306055588,0.0
2.0,1.0,linucb_pretrained,burst,101,0.012163127828208204,0.0,2.913498299717315,5.237807832018642,0.0
2.0,1.0,linucb_pretrained,burst,102,0.013830915877739039,0.0,2.931939929000193,5.314351567360653,0.0
2.0,0.0,linucb_pretrained,ramp,100,0.4392900167107464,0.0,3.393219471807348,4.138507249846417,0.0
2.0,0.0,linucb_pretrained,ramp,101,0.4380637272514615,0.0,3.3656287561376748,4.17305257864053,0.0
2.0,0.0,linucb_pretrained,ramp,102,0.4366688467219443,0.0,3.3624141249762545,4.146134477175757,0.0
2.0,0.5,linucb_pretrained,ramp,100,0.344305572266302,0.0,3.393219471807348,4.138507249846417,0.0
2.0,0.5,linucb_pretrained,ramp,101,0.3439570605847948,0.0,3.3656287561376748,4.17305257864053,0.0
2.0,0.5,linucb_pretrained,ramp,102,0.3380177356108332,0.0,3.3624141249762545,4.146134477175757,0.0
2.0,1.0,linucb_pretrained,ramp,100,0.24932112782185759,0.0,3.393219471807348,4.138507249846417,0.0
2.0,1.0,linucb_pretrained,ramp,101,0.24985039391812816,0.0,3.3656287561376748,4.17305257864053,0.0
2.0,1.0,linucb_pretrained,ramp,102,0.23936662449972215,0.0,3.3624141249762545,4.146134477175757,0.0
2.0,0.0,linucb_pretrained,sawtooth,100,0.44190931453948423,0.0,3.4417053863921265,5.067985369161639,0.0
2.0,0.0,linucb_pretrained,sawtooth,101,0.43799628854985984,0.0,3.4231995184750343,5.116672121897093,0.0
2.0,0.0,linucb_pretrained,sawtooth,102,0.4382843242820292,0.0,3.4370379134772326,5.162672237138269,0.0
2.0,0.5,linucb_pretrained,sawtooth,100,0.37619323889086626,0.0,3.477675839869011,5.121334400019256,0.0
2.0,0.5,linucb_pretrained,sawtooth,101,0.37513222920988787,0.0,3.4487445974861233,5.095556373812403,0.0
2.0,0.5,linucb_pretrained,sawtooth,102,0.37390343248203134,0.0,3.462636307598765,5.197043558384792,0.0
2.0,1.0,linucb_pretrained,sawtooth,100,0.3073193146344712,0.0,3.4757315465770406,5.183295356233209,0.0
2.0,1.0,linucb_pretrained,sawtooth,101,0.3078242813916214,0.0,3.4500240413153196,5.206287825549829,0.0
2.0,1.0,linucb_pretrained,sawtooth,102,0.3080378440085977,0.0,3.461874857743131,5.2094257102766655,0.0
4.0,0.0,linucb_pretrained,adversarial,100,0.40167200300297273,0.003703703703703704,3.2789220956006195,3.6665132901349673,0.007407407407407408
4.0,0.0,linucb_pretrained,adversarial,101,0.4125230292546587,0.0,3.233266451795327,4.24490676907773,0.0
4.0,0.0,linucb_pretrained,adversarial,102,0.4132560691514842,0.0,3.2589846097541866,3.631596500827835,0.0
4.0,0.5,linucb_pretrained,adversarial,100,0.16698069509322558,0.018518518518518517,4.09061806442446,4.193975108279501,0.025925925925925925
4.0,0.5,linucb_pretrained,adversarial,101,0.18199171014511925,0.018518518518518517,4.138991701369398,4.729563330640778,0.011111111111111112
4.0,0.5,linucb_pretrained,adversarial,102,0.18602322006825245,0.014814814814814815,4.189006629582758,4.136947530029673,0.003703703703703704
4.0,1.0,linucb_pretrained,adversarial,100,-0.057737346814321994,0.025925925925925925,4.338714224980135,4.120455395009214,0.044444444444444446
4.0,1.0,linucb_pretrained,adversarial,101,-0.052774877141931166,0.025925925925925925,4.328135129798376,4.786894533973437,0.02962962962962963
4.0,1.0,linucb_pretrained,adversarial,102,-0.07191782148973158,0.025925925925925925,4.371497446653827,4.2896845783862165,0.040740740740740744
4.0,0.0,linucb_pretrained,burst,100,0.37634293375024047,0.0,2.6428236652509036,3.37817426488369,0.0
4.0,0.0,linucb_pretrained,burst,101,0.3775096802468299,0.0,2.6683406589690977,3.4143939649152855,0.0
4.0,0.0,linucb_pretrained,burst,102,0.3779477097216637,0.0,2.6631308770399356,3.4097384030018745,0.0
4.0,0.5,linucb_pretrained,burst,100,0.18854908450763008,0.0,2.6445404825540013,3.3888548771810645,0.0
4.0,0.5,linucb_pretrained,burst,101,0.19100497607004718,0.0,2.6787189095892674,3.4540401331116155,0.0
4.0,0.5,linucb_pretrained,burst,102,0.18875754473738382,0.0,2.6669844215270917,3.419103179361459,0.0
4.0,1.0,linucb_pretrained,burst,100,7.208349386749294e-05,0.0,2.7079296358429015,5.014036951766506,0.0
4.0,1.0,linucb_pretrained,burst,101,-0.0006064346054798804,0.0,2.7400786828369603,5.051358287932459,0.0
4.0,1.0,linucb_pretrained,burst,102,0.0007050190431309554,0.0,2.761513047296872,5.103647179645521,0.0
4.0,0.0,linucb_pretrained,ramp,100,0.4392900167107464,0.0,3.393219471807348,4.138507249846417,0.0
4.0,0.0,linucb_pretrained,ramp,101,0.4380637272514615,0.0,3.3656287561376748,4.17305257864053,0.0
4.0,0.0,linucb_pretrained,ramp,102,0.4366688467219443,0.0,3.3624141249762545,4.146134477175757,0.0
4.0,0.5,linucb_pretrained,ramp,100,0.344305572266302,0.0,3.393219471807348,4.138507249846417,0.0
4.0,0.5,linucb_pretrained,ramp,101,0.3439570605847948,0.0,3.3656287561376748,4.17305257864053,0.0
4.0,0.5,linucb_pretrained,ramp,102,0.3380177356108332,0.0,3.3624141249762545,4.146134477175757,0.0
4.0,1.0,linucb_pretrained,ramp,100,0.24932112782185759,0.0,3.393219471807348,4.138507249846417,0.0
4.0,1.0,linucb_pretrained,ramp,101,0.24985039391812816,0.0,3.3656287561376748,4.17305257864053,0.0
4.0,1.0,linucb_pretrained,ramp,102,0.23936662449972215,0.0,3.3624141249762545,4.146134477175757,0.0
4.0,0.0,linucb_pretrained,sawtooth,100,0.43911226945029974,0.0,3.401738922074986,4.5492542288409705,0.0
4.0,0.0,linucb_pretrained,sawtooth,101,0.43932622599393495,0.0,3.364412639128744,4.519326530129907,0.0
4.0,0.0,linucb_pretrained,sawtooth,102,0.43614372964486636,0.0,3.3841207503780533,4.667751122645069,0.0
4.0,0.5,linucb_pretrained,sawtooth,100,0.37087709945063535,0.0,3.4432803540957697,5.063224824457593,0.0
4.0,0.5,linucb_pretrained,sawtooth,101,0.365608369655321,0.0,3.4134799455728757,5.0548466109723575,0.0
4.0,0.5,linucb_pretrained,sawtooth,102,0.36343008765106694,0.0,3.4160372184457675,5.114261092583808,0.0
4.0,1.0,linucb_pretrained,sawtooth,100,0.29999528273143966,0.0,3.469258450009813,5.151516799192491,0.0
4.0,1.0,linucb_pretrained,sawtooth,101,0.30087694671462895,0.0,3.4382033096522067,5.095556373812403,0.0
4.0,1.0,linucb_pretrained,sawtooth,102,0.2969221700261308,0.0,3.4531953428488564,5.2094257102766655,0.0
