policy,scenario,metric,n,mean,sd,ci95_half,ci95_lo,ci95_hi
epsilon_greedy,adversarial,urllc_rtt_p50_ms,10,2.468357830293418,0.2926625689943696,0.20935818985441132,2.258999640439007,2.6777160201478294
epsilon_greedy,adversarial,urllc_rtt_p95_ms,10,9.096218155943882,1.5302328833649863,1.094662660885593,8.00155549505829,10.190880816829475
epsilon_greedy,adversarial,urllc_rtt_p99_ms,10,12.559691810549158,0.9488786885161922,0.678786922775217,11.88090488777394,13.238478733324374
epsilon_greedy,adversarial,sla_violation_rate,10,0.05851851851851851,0.0015616185976140167,0.0011171146483230135,0.057401403870195496,0.05963563316684153
epsilon_greedy,adversarial,embb_goodput_mbps,10,4.578135781131591,0.1866269640563067,0.13350488758131668,4.444630893550275,4.711640668712907
epsilon_greedy,adversarial,be_goodput_mbps,10,3.202326636876788,0.09462219485857731,0.06768864055185768,3.1346379963249302,3.2700152774286457
epsilon_greedy,adversarial,total_drops,10,105884.3,2948.3621460811837,2109.1312225537777,103775.16877744622,107993.43122255379
epsilon_greedy,adversarial,guardrail_intervention_rate,10,0.23407407407407405,0.006485889153858622,0.004639725597687636,0.2294343484763864,0.23871379967176168
epsilon_greedy,adversarial,decision_latency_mean_ms,10,0.0613854814824637,0.0023850990426213226,0.0017061970716053412,0.05967928441085836,0.06309167855406904
epsilon_greedy,adversarial,decision_latency_p99_ms,10,0.13706780000262597,0.02588123782051555,0.01851432221043241,0.11855347779219357,0.1555821222130584
epsilon_greedy,adversarial,mean_reward,10,0.12793662156623786,0.015139396288618547,0.010830071687557521,0.11710654987868034,0.13876669325379537
epsilon_greedy,adversarial,link_util_mean,10,0.9520262453963915,0.01019421033919205,0.007292498767238771,0.9447337466291527,0.9593187441636303
epsilon_greedy,burst,urllc_rtt_p50_ms,10,2.0149333710878015,0.047223465781958934,0.03378163237182839,1.9811517387159732,2.04871500345963
epsilon_greedy,burst,urllc_rtt_p95_ms,10,4.967995575571331,0.8081665015103928,0.5781274880438957,4.389868087527436,5.546123063615227
epsilon_greedy,burst,urllc_rtt_p99_ms,10,6.695072096449731,1.2208016349044937,0.8733088803707857,5.821763216078945,7.568380976820516
epsilon_greedy,burst,sla_violation_rate,10,0.013333333333333336,0.008226336419238362,0.005884766568485555,0.007448566764847781,0.019218099901818893
epsilon_greedy,burst,embb_goodput_mbps,10,2.785432263651665,0.09188240769353902,0.06572871488240932,2.719703548769256,2.8511609785340744
epsilon_greedy,burst,be_goodput_mbps,10,3.6014160019001125,0.08519424337170119,0.06094429034639781,3.5404717115537148,3.66236029224651
epsilon_greedy,burst,total_drops,10,84995.8,2432.0645916130143,1739.7942014200817,83256.00579857992,86735.59420142008
epsilon_greedy,burst,guardrail_intervention_rate,10,0.20407407407407407,0.1879258107579482,0.13443402653915612,0.06964004753491795,0.3385081006132302
epsilon_greedy,burst,decision_latency_mean_ms,10,0.06077562963098203,0.0027619872994147955,0.001975806688888459,0.05879982294209357,0.06275143631987048
epsilon_greedy,burst,decision_latency_p99_ms,10,0.14010880000061438,0.03710938029955547,0.026546451474234657,0.11356234852637972,0.16665525147484903
epsilon_greedy,burst,mean_reward,10,0.154034011912123,0.027972418316699693,0.020010262620045863,0.1340237492920771,0.17404427453216886
epsilon_greedy,burst,link_util_mean,10,0.9386812812574201,0.004721642194887186,0.0033776593517184923,0.9353036219057016,0.9420589406091386
epsilon_greedy,ramp,urllc_rtt_p50_ms,10,2.498080009217635,0.5494464805982547,0.39305033436695,2.1050296748506847,2.891130343584585
epsilon_greedy,ramp,urllc_rtt_p95_ms,10,4.112557779723771,1.2352350642552674,0.8836339337339565,3.228923845989814,4.996191713457727
epsilon_greedy,ramp,urllc_rtt_p99_ms,10,4.494561439486697,1.3810625101354406,0.9879526042269792,3.506608835259718,5.482514043713676
epsilon_greedy,ramp,sla_violation_rate,10,0.0003703703703703704,0.0011712139482105111,0.0008378359862422591,-0.00046746561587188867,0.0012082063566126295
epsilon_greedy,ramp,embb_goodput_mbps,10,3.2058635451139397,0.2200651847723411,0.1574251496944943,3.048438395419445,3.363288694808434
epsilon_greedy,ramp,be_goodput_mbps,10,3.382314296464707,0.07062994869166217,0.05052562156618265,3.3317886748985246,3.4328399180308895
epsilon_greedy,ramp,total_drops,10,45765.5,3907.6796539350275,2795.3856268325485,42970.11437316745,48560.88562683255
epsilon_greedy,ramp,guardrail_intervention_rate,10,0.10444444444444445,0.15662769850713937,0.11204470579614176,-0.007600261351697307,0.2164891502405862
epsilon_greedy,ramp,decision_latency_mean_ms,10,0.060208999998565584,0.00480690655018153,0.003438653797112945,0.05677034620145264,0.06364765379567852
epsilon_greedy,ramp,decision_latency_p99_ms,10,0.12347449996735096,0.03096700724341881,0.022152462489370594,0.10132203747798037,0.14562696245672155
epsilon_greedy,ramp,mean_reward,10,0.3122344163321604,0.030603876339933857,0.02189269428978485,0.29034172204237557,0.3341271106219453
epsilon_greedy,ramp,link_util_mean,10,0.9088068693081339,0.015913989374911515,0.011384182201168018,0.8974226871069659,0.9201910515093019
epsilon_greedy,sawtooth,urllc_rtt_p50_ms,10,2.016759754656294,0.0529989977395008,0.03791319904341232,1.9788465556128816,2.0546729536997064
epsilon_greedy,sawtooth,urllc_rtt_p95_ms,10,5.502928961721011,0.4600765616149789,0.32911894563464517,5.173810016086366,5.832047907355657
epsilon_greedy,sawtooth,urllc_rtt_p99_ms,10,7.3153049197127675,1.2515331604984494,0.8952928894359793,6.420012030276788,8.210597809148746
epsilon_greedy,sawtooth,sla_violation_rate,10,0.014814814814814814,0.009402189019585071,0.006725920846567921,0.008088893968246892,0.021540735661382735
epsilon_greedy,sawtooth,embb_goodput_mbps,10,3.498429527011234,0.04485603514032759,0.032088074512889,3.466341452498345,3.530517601524123
epsilon_greedy,sawtooth,be_goodput_mbps,10,3.3645031837990005,0.04245561434240324,0.030370916917815776,3.3341322668811846,3.3948741007168164
epsilon_greedy,sawtooth,total_drops,10,29647.4,1825.981148740467,1306.2282249560153,28341.171775043986,30953.628224956017
epsilon_greedy,sawtooth,guardrail_intervention_rate,10,0.22000000000000003,0.1271928521696177,0.09098828519189003,0.12901171480811,0.31098828519189003
epsilon_greedy,sawtooth,decision_latency_mean_ms,10,0.05998725925708427,0.0036414236504526605,0.002604917555980582,0.05738234170110369,0.06259217681306485
epsilon_greedy,sawtooth,decision_latency_p99_ms,10,0.11668690000693613,0.015588768137850623,0.011151532943262439,0.1055353670636737,0.12783843295019856
epsilon_greedy,sawtooth,mean_reward,10,0.3360174977729668,0.03169650721726111,0.022674315333577,0.3133431824393898,0.3586918131065438
epsilon_greedy,sawtooth,link_util_mean,10,0.9085786214905569,0.0033010867432718195,0.0023614551990660546,0.9062171662914908,0.910940076689623
epsilon_greedy_pretrained,adversarial,urllc_rtt_p50_ms,10,2.7602816334355,0.02042228806267469,0.014609224801717577,2.7456724086337823,2.774890858237218
epsilon_greedy_pretrained,adversarial,urllc_rtt_p95_ms,10,11.384339502585814,0.8767213778220952,0.6271686922526485,10.757170810333164,12.011508194838463
epsilon_greedy_pretrained,adversarial,urllc_rtt_p99_ms,10,13.589604097915972,0.3902741756417524,0.27918532677423397,13.310418771141737,13.868789424690206
epsilon_greedy_pretrained,adversarial,sla_violation_rate,10,0.05814814814814815,0.0024998094730020494,0.0017882559701670887,0.05635989217798106,0.05993640411831524
epsilon_greedy_pretrained,adversarial,embb_goodput_mbps,10,4.76655182803483,0.02337156150740209,0.016719007928051345,4.7498328201067785,4.783270835962881
epsilon_greedy_pretrained,adversarial,be_goodput_mbps,10,3.0937973152837963,0.028060879750793792,0.020073544117838706,3.0737237711659575,3.113870859401635
epsilon_greedy_pretrained,adversarial,total_drops,10,104081.0,1820.1927248386517,1302.0874359430636,102778.91256405694,105383.08743594306
epsilon_greedy_pretrained,adversarial,guardrail_intervention_rate,10,0.2348148148148148,0.0035781177151085084,0.002559631217942091,0.23225518359687272,0.2373744460327569
epsilon_greedy_pretrained,adversarial,decision_latency_mean_ms,10,0.0633362592603853,0.0033853796338114005,0.002421754700439263,0.06091450455994604,0.06575801396082456
epsilon_greedy_pretrained,adversarial,decision_latency_p99_ms,10,0.16300600000811727,0.06930068399498412,0.049574722885527514,0.11343127712258975,0.21258072289364477
epsilon_greedy_pretrained,adversarial,mean_reward,10,0.12738644042850264,0.014531586032167011,0.01039527042307437,0.11699117000542827,0.137781710851577
epsilon_greedy_pretrained,adversarial,link_util_mean,10,0.9600148436505528,0.0035392365104017077,0.002531817279641935,0.9574830263709109,0.9625466609301947
epsilon_greedy_pretrained,burst,urllc_rtt_p50_ms,10,2.578108657021347,0.785111162927715,0.5616346923688778,2.0164739646524694,3.1397433493902245
epsilon_greedy_pretrained,burst,urllc_rtt_p95_ms,10,5.363967527695531,0.04550411297074434,0.032551681464495566,5.331415846231036,5.396519209160027
epsilon_greedy_pretrained,burst,urllc_rtt_p99_ms,10,6.837803370539842,0.2263364236586936,0.1619113237409492,6.675892046798893,6.999714694280792
epsilon_greedy_pretrained,burst,sla_violation_rate,10,0.008518518518518519,0.007817847011845711,0.005592550849884137,0.002925967668634382,0.014111069368402656
epsilon_greedy_pretrained,burst,embb_goodput_mbps,10,2.8867995356638505,0.05064292669596525,0.036227767351420005,2.8505717683124305,2.9230273030152705
epsilon_greedy_pretrained,burst,be_goodput_mbps,10,3.539702468087147,0.03378387090434282,0.024167525362440184,3.515534942724707,3.563869993449587
epsilon_greedy_pretrained,burst,total_drops,10,84099.6,2332.663103741206,1668.6866606054673,82430.91333939454,85768.28666060547
epsilon_greedy_pretrained,burst,guardrail_intervention_rate,10,0.515925925925926,0.009410290864276298,0.006731716557119035,0.509194209368807,0.522657642483045
epsilon_greedy_pretrained,burst,decision_latency_mean_ms,10,0.06610503703618165,0.003838391671296127,0.002745819989949811,0.06335921704623183,0.06885085702613146
epsilon_greedy_pretrained,burst,decision_latency_p99_ms,10,0.16215679999226046,0.054219084815314816,0.038785996759002996,0.12337080323325747,0.20094279675126345
epsilon_greedy_pretrained,burst,mean_reward,10,0.17273504487733107,0.02583274386120517,0.018479631721741014,0.15425541315559005,0.1912146765990721
epsilon_greedy_pretrained,burst,link_util_mean,10,0.9426457669598823,0.005315457074358114,0.0038024489266266547,0.9388433180332557,0.946448215886509
epsilon_greedy_pretrained,ramp,urllc_rtt_p50_ms,10,2.9155862830786026,0.19494799699273072,0.13945739595734405,2.7761288871212586,3.0550436790359465
epsilon_greedy_pretrained,ramp,urllc_rtt_p95_ms,10,4.174116623835264,0.009672288051690459,0.0069191380544852766,4.167197485780779,4.181035761889749
epsilon_greedy_pretrained,ramp,urllc_rtt_p99_ms,10,4.267992250400264,0.022867684058365177,0.016358555715111,4.251633694685153,4.284350806115374
epsilon_greedy_pretrained,ramp,sla_violation_rate,10,0.0,0.0,0.0,0.0,0.0
epsilon_greedy_pretrained,ramp,embb_goodput_mbps,10,3.3650134300192875,0.012465795083661779,0.008917492601732949,3.3560959374175545,3.3739309226210206
epsilon_greedy_pretrained,ramp,be_goodput_mbps,10,3.3568506548070354,0.029553571153633603,0.021141351221369592,3.335709303585666,3.3779920060284048
epsilon_greedy_pretrained,ramp,total_drops,10,42763.2,617.8046796700573,441.9508441538897,42321.249155846104,43205.15084415389
epsilon_greedy_pretrained,ramp,guardrail_intervention_rate,10,0.0,0.0,0.0,0.0,0.0
epsilon_greedy_pretrained,ramp,decision_latency_mean_ms,10,0.060960888887266564,0.002687071248983737,0.0019222149748432304,0.05903867391242333,0.0628831038621098
epsilon_greedy_pretrained,ramp,decision_latency_p99_ms,10,0.12756379998434753,0.01983308005657204,0.014187730785488429,0.11337606919885909,0.14175153076983596
epsilon_greedy_pretrained,ramp,mean_reward,10,0.3421775293128064,0.0013286587997067435,0.0009504652480723975,0.341227064064734,0.34312799456087884
epsilon_greedy_pretrained,ramp,link_util_mean,10,0.9221753378252213,0.0023169890645710254,0.0016574741284403468,0.920517863696781,0.9238328119536616
epsilon_greedy_pretrained,sawtooth,urllc_rtt_p50_ms,10,2.0,0.0,0.0,2.0,2.0
epsilon_greedy_pretrained,sawtooth,urllc_rtt_p95_ms,10,5.283670007955122,0.0515513738272934,0.0368776312805409,5.2467923766745805,5.320547639235663
epsilon_greedy_pretrained,sawtooth,urllc_rtt_p99_ms,10,5.558478434196244,0.07584226070359501,0.05425428496008479,5.504224149236159,5.612732719156329
epsilon_greedy_pretrained,sawtooth,sla_violation_rate,10,0.0,0.0,0.0,0.0,0.0
epsilon_greedy_pretrained,sawtooth,embb_goodput_mbps,10,3.499871077649685,0.0224137234282836,0.016033811843335327,3.4838372658063497,3.5159048894930205
epsilon_greedy_pretrained,sawtooth,be_goodput_mbps,10,3.3894713059451385,0.031091422297134713,0.022241463657255177,3.3672298422878835,3.4117127696023934
epsilon_greedy_pretrained,sawtooth,total_drops,10,29053.6,1348.2873251318174,964.5066492895919,28089.093350710406,30018.10664928959
epsilon_greedy_pretrained,sawtooth,guardrail_intervention_rate,10,0.0,0.0,0.0,0.0,0.0
epsilon_greedy_pretrained,sawtooth,decision_latency_mean_ms,10,0.0582668148162739,0.0022849400529253564,0.001634547646629517,0.05663226716964439,0.05990136246290342
epsilon_greedy_pretrained,sawtooth,decision_latency_p99_ms,10,0.12405050002122664,0.02258399240330883,0.01615561493049518,0.10789488509073146,0.1402061149517218
epsilon_greedy_pretrained,sawtooth,mean_reward,10,0.3797820321155764,0.004550770536130186,0.0032554251305889894,0.3765266069849874,0.38303745724616534
epsilon_greedy_pretrained,sawtooth,link_util_mean,10,0.911219588769016,0.003545819796585572,0.00253652667887766,0.9086830620901383,0.9137561154478937
linucb,adversarial,urllc_rtt_p50_ms,10,2.1669118502202744,0.28342271712187006,0.20274839800710948,1.964163452213165,2.369660248227384
linucb,adversarial,urllc_rtt_p95_ms,10,5.459740789151384,0.24555537932974197,0.1756597364061174,5.284081052745267,5.635400525557501
linucb,adversarial,urllc_rtt_p99_ms,10,10.47186337272766,1.4778943654128454,1.0572219406193342,9.414641432108326,11.529085313346993
linucb,adversarial,sla_violation_rate,10,0.037037037037037035,0.005521155499999483,0.003949596715960136,0.0330874403210769,0.04098663375299717
linucb,adversarial,embb_goodput_mbps,10,4.375025487001399,0.2569147534230183,0.18378574311144766,4.191239743889952,4.5588112301128465
linucb,adversarial,be_goodput_mbps,10,3.3134456641225727,0.0964333523069508,0.06898426454038388,3.244461399582189,3.3824299286629564
linucb,adversarial,total_drops,10,107952.1,3418.349291365319,2445.339772658529,105506.76022734148,110397.43977265853
linucb,adversarial,guardrail_intervention_rate,10,0.15222222222222223,0.023712061283821237,0.016962586794600266,0.13525963542762195,0.1691848090168225
linucb,adversarial,decision_latency_mean_ms,10,0.0914819259247889,0.0014226433148702862,0.0010176977200506037,0.0904642282047383,0.0924996236448395
linucb,adversarial,decision_latency_p99_ms,10,0.19182580000023108,0.023500799417559337,0.016811459159597832,0.17501434084063325,0.20863725915982892
linucb,adversarial,mean_reward,10,0.18327338924976785,0.024617951302846962,0.017610621475776227,0.16566276777399164,0.20088401072554407
linucb,adversarial,link_util_mean,10,0.9428271624626641,0.018872818863526996,0.01350080130949105,0.929326361153173,0.9563279637721551
linucb,burst,urllc_rtt_p50_ms,10,2.0,0.0,0.0,2.0,2.0
linucb,burst,urllc_rtt_p95_ms,10,5.281535641261847,0.04919233124176953,0.035190073875465806,5.246345567386381,5.316725715137313
linucb,burst,urllc_rtt_p99_ms,10,6.3376133637535785,0.46472761568721077,0.33244610928534146,6.005167254468237,6.67005947303892
linucb,burst,sla_violation_rate,10,0.0077777777777777776,0.0021023933785094323,0.0015039616224208805,0.006273816155356897,0.009281739400198658
linucb,burst,embb_goodput_mbps,10,2.7932561244551386,0.041481201302189255,0.029673863820213607,2.763582260634925,2.822929988275352
linucb,burst,be_goodput_mbps,10,3.6123587514321067,0.03489879260916966,0.024965092303624353,3.5873936591284825,3.637323843735731
linucb,burst,total_drops,10,84570.6,2129.495568856103,1523.349361452782,83047.25063854722,86093.94936145279
linucb,burst,guardrail_intervention_rate,10,0.12851851851851853,0.09130879554501037,0.06531837747060054,0.06320014104791799,0.19383689598911907
linucb,burst,decision_latency_mean_ms,10,0.09464514814659968,0.003549367955757563,0.0025390648790448896,0.09210608326755479,0.09718421302564456
linucb,burst,decision_latency_p99_ms,10,0.21515760002091616,0.0411385005245837,0.029428710452265895,0.18572888956865027,0.24458631047318205
linucb,burst,mean_reward,10,0.17060266933108964,0.007778841850208051,0.0055646482381374466,0.16503802109295218,0.1761673175692271
linucb,burst,link_util_mean,10,0.9405579300894796,0.004162810524628207,0.002977895257113732,0.9375800348323658,0.9435358253465934
linucb,ramp,urllc_rtt_p50_ms,10,2.6288557488894533,0.121032590594991,0.08658149953178622,2.542274249357667,2.7154372484212397
linucb,ramp,urllc_rtt_p95_ms,10,5.252903015600026,0.42089126978235053,0.30108747650900597,4.95181553909102,5.553990492109032
linucb,ramp,urllc_rtt_p99_ms,10,5.762383345803267,0.058369387223487196,0.04175494424862914,5.720628401554637,5.804138290051896
linucb,ramp,sla_violation_rate,10,0.003333333333333333,0.001171213948210511,0.000837835986242259,0.002495497347091074,0.004171169319575592
linucb,ramp,embb_goodput_mbps,10,3.3164710030565403,0.020588581103286357,0.014728183676736931,3.3017428193798035,3.331199186733277
linucb,ramp,be_goodput_mbps,10,3.3478767032093506,0.03149344928811846,0.022529056441649112,3.3253476467677014,3.3704057596509998
linucb,ramp,total_drops,10,44052.8,703.6152357645477,503.3360180627833,43549.46398193722,44556.13601806279
linucb,ramp,guardrail_intervention_rate,10,0.1911111111111111,0.08567936812819717,0.06129132769122311,0.12981978341988798,0.2524024388023342
linucb,ramp,decision_latency_mean_ms,10,0.09704803703786838,0.0035763443226906155,0.002558362609428924,0.09448967442843946,0.0996063996472973
linucb,ramp,decision_latency_p99_ms,10,0.23341790000208112,0.05334356145870472,0.038159685079497865,0.19525821492258327,0.271577585081579
linucb,ramp,mean_reward,10,0.31865929375348406,0.003957457203322469,0.0028309943405500308,0.31582829941293405,0.32149028809403407
linucb,ramp,link_util_mean,10,0.9164231769316229,0.0023000515039884204,0.0016453577275069846,0.9147778192041159,0.9180685346591299
linucb,sawtooth,urllc_rtt_p50_ms,10,2.0,0.0,0.0,2.0,2.0
linucb,sawtooth,urllc_rtt_p95_ms,10,5.267197435177254,0.07224589920573038,0.051681602926156756,5.215515832251097,5.31887903810341
linucb,sawtooth,urllc_rtt_p99_ms,10,6.8628863022575475,0.1567670152116372,0.11214436696282382,6.750741935294724,6.975030669220371
linucb,sawtooth,sla_violation_rate,10,0.00962962962962963,0.0019125843684974898,0.0013681804362900274,0.008261449193339604,0.010997810065919657
linucb,sawtooth,embb_goodput_mbps,10,3.435949024969136,0.03951544297949081,0.02826764502856722,3.407681379940569,3.464216669997703
linucb,sawtooth,be_goodput_mbps,10,3.4050470769786116,0.031510791206205035,0.02254146210251543,3.3825056148760964,3.427588539081127
linucb,sawtooth,total_drops,10,30141.1,1479.6031337265183,1058.4443198332542,29082.655680166743,31199.544319833254
linucb,sawtooth,guardrail_intervention_rate,10,0.16037037037037036,0.07413680471357152,0.053034275239762306,0.10733609513060804,0.21340464561013267
linucb,sawtooth,decision_latency_mean_ms,10,0.09468955555465233,0.0022026100036982633,0.0015756522773445558,0.09311390327730777,0.0962652078319969
linucb,sawtooth,decision_latency_p99_ms,10,0.2114415000012002,0.03772769077090362,0.026988764139958463,0.18445273586124175,0.23843026414115867
linucb,sawtooth,mean_reward,10,0.34574534365674053,0.007650043349748425,0.00547251134135271,0.3402728323153878,0.35121785499809327
linucb,sawtooth,link_util_mean,10,0.9063849606043084,0.004062501700393789,0.0029061386469660705,0.9034788219573423,0.9092910992512745
linucb_pretrained,adversarial,urllc_rtt_p50_ms,10,2.1123248546606073,0.043192524715956096,0.030898070842631256,2.081426783817976,2.1432229255032387
linucb_pretrained,adversarial,urllc_rtt_p95_ms,10,5.260176076373822,0.24776253840117196,0.17723864289047964,5.082937433483343,5.437414719264302
linucb_pretrained,adversarial,urllc_rtt_p99_ms,10,9.273157871420043,1.4629153109044768,1.046506570531597,8.226651300888445,10.319664441951641
linucb_pretrained,adversarial,sla_violation_rate,10,0.024074074074074074,0.006110799343587448,0.0043714025115442956,0.019702671562529778,0.02844547658561837
linucb_pretrained,adversarial,embb_goodput_mbps,10,4.583629706668961,0.024626731832395426,0.017616902688226955,4.566012803980734,4.6012466093571875
linucb_pretrained,adversarial,be_goodput_mbps,10,3.306690907208405,0.0367831210912868,0.026313059696457378,3.2803778475119474,3.3330039669048626
linucb_pretrained,adversarial,total_drops,10,103400.6,1945.0438555467072,1391.4005545155242,102009.19944548448,104792.00055451553
linucb_pretrained,adversarial,guardrail_intervention_rate,10,0.0962962962962963,0.02444319737434979,0.017485610046177182,0.07881068625011911,0.11378190634247348
linucb_pretrained,adversarial,decision_latency_mean_ms,10,0.09770325925900264,0.0030054573726144033,0.002149974687153285,0.09555328457184935,0.09985323394615593
linucb_pretrained,adversarial,decision_latency_p99_ms,10,0.2151551000172276,0.0482527886128394,0.0345179655673902,0.1806371344498374,0.2496730655846178
linucb_pretrained,adversarial,mean_reward,10,0.25133035520559005,0.018403583864628054,0.013165130812497263,0.2381652243930928,0.2644954860180873
linucb_pretrained,adversarial,link_util_mean,10,0.9630120396326156,0.003811287780351802,0.0027264310343836327,0.960285608598232,0.9657384706669992
linucb_pretrained,burst,urllc_rtt_p50_ms,10,3.073670539842814,0.24386422586838308,0.17444995809844824,2.8992205817443657,3.248120497941262
linucb_pretrained,burst,urllc_rtt_p95_ms,10,5.2922625052837615,0.02493874126435018,0.017840100790109288,5.274422404493652,5.310102606073871
linucb_pretrained,burst,urllc_rtt_p99_ms,10,5.465213617011418,0.028531614817248273,0.020410287698517802,5.444803329312901,5.485623904709936
linucb_pretrained,burst,sla_violation_rate,10,0.0,0.0,0.0,0.0,0.0
linucb_pretrained,burst,embb_goodput_mbps,10,2.933060863617103,0.010374822822834237,0.007421701154719916,2.925639162462383,2.940482564771823
linucb_pretrained,burst,be_goodput_mbps,10,3.528612763588529,0.03396777000228137,0.02429907885215555,3.5043136847363736,3.5529118424406847
linucb_pretrained,burst,total_drops,10,83308.6,2224.3067434346567,1591.1731899524166,81717.42681004759,84899.77318995242
linucb_pretrained,burst,guardrail_intervention_rate,10,0.0,0.0,0.0,0.0,0.0
linucb_pretrained,burst,decision_latency_mean_ms,10,0.09543355555650981,0.003535363040483912,0.002529046366186102,0.09290450919032371,0.09796260192269592
linucb_pretrained,burst,decision_latency_p99_ms,10,0.22343920000173875,0.05959906677341889,0.042634604006825415,0.18080459599491333,0.2660738040085642
linucb_pretrained,burst,mean_reward,10,0.20408816184325773,0.005024430711931799,0.003594261208440324,0.2004939006348174,0.20768242305169807
linucb_pretrained,burst,link_util_mean,10,0.9461632756248267,0.0033044635444269546,0.00236387081709253,0.9437994048077342,0.9485271464419193
linucb_pretrained,ramp,urllc_rtt_p50_ms,10,2.9155862830786026,0.19494799699273072,0.13945739595734405,2.7761288871212586,3.0550436790359465
linucb_pretrained,ramp,urllc_rtt_p95_ms,10,4.174116623835264,0.009672288051690459,0.0069191380544852766,4.167197485780779,4.181035761889749
linucb_pretrained,ramp,urllc_rtt_p99_ms,10,4.267992250400264,0.022867684058365177,0.016358555715111,4.251633694685153,4.284350806115374
linucb_pretrained,ramp,sla_violation_rate,10,0.0,0.0,0.0,0.0,0.0
linucb_pretrained,ramp,embb_goodput_mbps,10,3.3650134300192875,0.012465795083661779,0.008917492601732949,3.3560959374175545,3.3739309226210206
linucb_pretrained,ramp,be_goodput_mbps,10,3.3568506548070354,0.029553571153633603,0.021141351221369592,3.335709303585666,3.3779920060284048
linucb_pretrained,ramp,total_drops,10,42763.2,617.8046796700573,441.9508441538897,42321.249155846104,43205.15084415389
linucb_pretrained,ramp,guardrail_intervention_rate,10,0.0,0.0,0.0,0.0,0.0
linucb_pretrained,ramp,decision_latency_mean_ms,10,0.09680599999955289,0.0020949514124261955,0.001498637960589106,0.09530736203896378,0.098304637960142
linucb_pretrained,ramp,decision_latency_p99_ms,10,0.1929900000239293,0.016041331858924257,0.011475277526532244,0.18151472249739706,0.20446527755046154
linucb_pretrained,ramp,mean_reward,10,0.3421775293128064,0.0013286587997067435,0.0009504652480723975,0.341227064064734,0.34312799456087884
linucb_pretrained,ramp,link_util_mean,10,0.9221753378252213,0.0023169890645710254,0.0016574741284403468,0.920517863696781,0.9238328119536616
linucb_pretrained,sawtooth,urllc_rtt_p50_ms,10,2.0,0.0,0.0,2.0,2.0
linucb_pretrained,sawtooth,urllc_rtt_p95_ms,10,5.247625333718052,0.056029381565201465,0.04008100504092265,5.207544328677129,5.287706338758975
linucb_pretrained,sawtooth,urllc_rtt_p99_ms,10,5.539817648401057,0.07982998325248108,0.057106929824595865,5.4827107185764605,5.596924578225653
linucb_pretrained,sawtooth,sla_violation_rate,10,0.0,0.0,0.0,0.0,0.0
linucb_pretrained,sawtooth,embb_goodput_mbps,10,3.4789381979177962,0.0258363606168075,0.018482218992838414,3.460455978924958,3.4974204169106344
linucb_pretrained,sawtooth,be_goodput_mbps,10,3.4004506612114107,0.03381675707294727,0.024191050710262868,3.376259610501148,3.4246417119216734
linucb_pretrained,sawtooth,total_drops,10,29277.5,1379.3187730824873,986.7052098839214,28290.794790116077,30264.205209883923
linucb_pretrained,sawtooth,guardrail_intervention_rate,10,0.0,0.0,0.0,0.0,0.0
linucb_pretrained,sawtooth,decision_latency_mean_ms,10,0.09556048148098473,0.003339627811563757,0.0023890258184328605,0.09317145566255186,0.09794950729941759
linucb_pretrained,sawtooth,decision_latency_p99_ms,10,0.21795739998571412,0.07803820224354378,0.05582516690583381,0.1621322330798803,0.27378256689154795
linucb_pretrained,sawtooth,mean_reward,10,0.3786413488115073,0.0043771162264656625,0.0031312003209158345,0.37551014849059144,0.38177254913242314
linucb_pretrained,sawtooth,link_util_mean,10,0.9102242363224541,0.0032744137521117287,0.0023423744906363175,0.9078818618318177,0.9125666108130904
oracle,adversarial,urllc_rtt_p50_ms,10,2.834440318204188,0.0437488731201264,0.031296058515690076,2.803144259688498,2.8657363767198785
oracle,adversarial,urllc_rtt_p95_ms,10,5.5121917335636,0.16115879597957666,0.1152860576647561,5.396905675898844,5.627477791228356
oracle,adversarial,urllc_rtt_p99_ms,10,6.098164385454067,0.2400459171631862,0.17171850459699026,5.926445880857076,6.269882890051057
oracle,adversarial,sla_violation_rate,10,0.0,0.0,0.0,0.0,0.0
oracle,adversarial,embb_goodput_mbps,10,5.1287790004121465,0.05405724648330286,0.03867022459054461,5.0901087758216015,5.1674492250026915
oracle,adversarial,be_goodput_mbps,10,3.0941666031407635,0.03191738016038824,0.022832318318788958,3.0713342848219747,3.1169989214595524
oracle,adversarial,total_drops,10,95922.7,1758.4974046674686,1257.9532625914462,94664.74673740855,97180.65326259144
oracle,adversarial,guardrail_intervention_rate,10,0.034074074074074076,0.008868288886947148,0.006343991699577291,0.027730082374496784,0.04041806577365137
oracle,adversarial,decision_latency_mean_ms,10,0.02983414814803743,0.0014138016946302935,0.0010113728059517985,0.028822775342085633,0.03084552095398923
oracle,adversarial,decision_latency_p99_ms,10,0.08099399998825871,0.007757317983697473,0.005549250991585533,0.07544474899667318,0.08654325097984424
oracle,adversarial,mean_reward,10,0.38012099317738435,0.005281537321376254,0.003778184197081662,0.3763428089803027,0.383899177374466
oracle,adversarial,link_util_mean,10,0.996274489673981,0.002973163079232849,0.0021268727413587766,0.9941476169326222,0.9984013624153398
oracle,burst,urllc_rtt_p50_ms,10,3.70139200728482,0.5378590872623794,0.38476121252172835,3.3166307947630917,4.086153219806548
oracle,burst,urllc_rtt_p95_ms,10,5.2924747529770375,0.027320767012016443,0.019544099358944387,5.2729306536180935,5.3120188523359815
oracle,burst,urllc_rtt_p99_ms,10,5.467901350956101,0.028611012649440146,0.020467085486096763,5.4474342654700045,5.488368436442197
oracle,burst,sla_violation_rate,10,0.0,0.0,0.0,0.0,0.0
oracle,burst,embb_goodput_mbps,10,2.93893677456928,0.010443785383337588,0.007471033998630626,2.931465740570649,2.9464078085679106
oracle,burst,be_goodput_mbps,10,3.525568700889628,0.032850567741924165,0.02349988049982324,3.5020688203898045,3.5490685813894514
oracle,burst,total_drops,10,83244.8,2219.942882148097,1588.0514716443008,81656.7485283557,84832.8514716443
oracle,burst,guardrail_intervention_rate,10,0.0,0.0,0.0,0.0,0.0
oracle,burst,decision_latency_mean_ms,10,0.024037962961989408,0.0012607346137574911,0.0009018752125699637,0.023136087749419443,0.024939838174559373
oracle,burst,decision_latency_p99_ms,10,0.050801500004016696,0.018083075063883958,0.012935852628454932,0.037865647375561765,0.06373735263247163
oracle,burst,mean_reward,10,0.20476147216301724,0.004931118204214919,0.003527509461629964,0.20123396270138727,0.2082889816246472
oracle,burst,link_util_mean,10,0.9464464604501546,0.003367879819290567,0.00240923608726827,0.9440372243628863,0.9488556965374229
oracle,ramp,urllc_rtt_p50_ms,10,2.9155862830786026,0.19494799699273072,0.13945739595734405,2.7761288871212586,3.0550436790359465
oracle,ramp,urllc_rtt_p95_ms,10,4.174116623835264,0.009672288051690459,0.0069191380544852766,4.167197485780779,4.181035761889749
oracle,ramp,urllc_rtt_p99_ms,10,4.267992250400264,0.022867684058365177,0.016358555715111,4.251633694685153,4.284350806115374
oracle,ramp,sla_violation_rate,10,0.0,0.0,0.0,0.0,0.0
oracle,ramp,embb_goodput_mbps,10,3.3650134300192875,0.012465795083661779,0.008917492601732949,3.3560959374175545,3.3739309226210206
oracle,ramp,be_goodput_mbps,10,3.3568506548070354,0.029553571153633603,0.021141351221369592,3.335709303585666,3.3779920060284048
oracle,ramp,total_drops,10,42763.2,617.8046796700573,441.9508441538897,42321.249155846104,43205.15084415389
oracle,ramp,guardrail_intervention_rate,10,0.0,0.0,0.0,0.0,0.0
oracle,ramp,decision_latency_mean_ms,10,0.02580129629639259,0.0012512948614482422,0.0008951224205647232,0.024906173875827865,0.026696418716957313
oracle,ramp,decision_latency_p99_ms,10,0.04789230001487961,0.005141665656206217,0.003678126035450188,0.04421417397942942,0.0515704260503298
oracle,ramp,mean_reward,10,0.3421775293128064,0.0013286587997067435,0.0009504652480723975,0.341227064064734,0.34312799456087884
oracle,ramp,link_util_mean,10,0.9221753378252213,0.0023169890645710254,0.0016574741284403468,0.920517863696781,0.9238328119536616
oracle,sawtooth,urllc_rtt_p50_ms,10,2.4280796063834256,0.16711331545075547,0.1195456642903059,2.3085339420931197,2.5476252706737315
oracle,sawtooth,urllc_rtt_p95_ms,10,5.272842315961709,0.054731349696343835,0.0391524489793424,5.233689866982367,5.311994764941051
oracle,sawtooth,urllc_rtt_p99_ms,10,5.54989840626031,0.08136920425511988,0.05820802219867583,5.491690384061633,5.608106428458986
oracle,sawtooth,sla_violation_rate,10,0.0,0.0,0.0,0.0,0.0
oracle,sawtooth,embb_goodput_mbps,10,3.611540068115236,0.01921757525072278,0.013747425171955145,3.597792642943281,3.625287493287191
oracle,sawtooth,be_goodput_mbps,10,3.3278900688354343,0.03310446416452514,0.02368150705913658,3.3042085617762975,3.351571575894571
oracle,sawtooth,total_drops,10,27926.3,1266.1907044359473,905.778264716496,27020.521735283502,28832.078264716496
oracle,sawtooth,guardrail_intervention_rate,10,0.04555555555555556,0.01755084932838119,0.012555121273018305,0.03300043428253725,0.05811067682857386
oracle,sawtooth,decision_latency_mean_ms,10,0.027634629629134135,0.00151867397818195,0.0010863939182372436,0.02654823571089689,0.02872102354737138
oracle,sawtooth,decision_latency_p99_ms,10,0.08620559999727104,0.011920445951323024,0.008527373333739673,0.07767822666353136,0.09473297333101072
oracle,sawtooth,mean_reward,10,0.39194611551630953,0.0043053413920946014,0.0030798556974723267,0.3888662598188372,0.39502597121378186
oracle,sawtooth,link_util_mean,10,0.9162283641046004,0.003967870644974436,0.0028384436679508717,0.9133899204366496,0.9190668077725512
static_equal,adversarial,urllc_rtt_p50_ms,10,2.0,0.0,0.0,2.0,2.0
static_equal,adversarial,urllc_rtt_p95_ms,10,5.530716290256665,0.06927651809703317,0.04955743564353889,5.481158854613126,5.580273725900204
static_equal,adversarial,urllc_rtt_p99_ms,10,6.150783127452223,0.2255359203966908,0.16133867820420927,5.989444449248014,6.312121805656432
static_equal,adversarial,sla_violation_rate,10,0.0003703703703703704,0.0011712139482105111,0.0008378359862422591,-0.00046746561587188867,0.0012082063566126295
static_equal,adversarial,embb_goodput_mbps,10,3.3790216895736735,0.005513018211779434,0.003943775650635906,3.375077913923038,3.3829654652243093
static_equal,adversarial,be_goodput_mbps,10,3.3994514656845936,0.037955679307350144,0.02715185731399166,3.372299608370602,3.4266033229985853
static_equal,adversarial,total_drops,10,128410.3,1796.4409289233843,1285.0964247054517,127125.20357529455,129695.39642470545
static_equal,adversarial,guardrail_intervention_rate,10,0.0014814814814814816,0.0046848557928420445,0.0033513439449690363,-0.0018698624634875547,0.004832825426450518
static_equal,adversarial,decision_latency_mean_ms,10,0.021768962961283455,0.0006010201099032787,0.00042994388625718153,0.021339019075026274,0.022198906847540636
static_equal,adversarial,decision_latency_p99_ms,10,0.04469410000945471,0.004973166791070192,0.003557589208623934,0.04113651080083078,0.04825168921807864
static_equal,adversarial,mean_reward,10,0.14095678912981008,0.006148218576936324,0.004398170618537204,0.13655861851127288,0.14535495974834728
static_equal,adversarial,link_util_mean,10,0.8518272587684861,0.003851563485889333,0.0027552425384834585,0.8490720162300026,0.8545825013069696
static_equal,burst,urllc_rtt_p50_ms,10,2.0,0.0,0.0,2.0,2.0
static_equal,burst,urllc_rtt_p95_ms,10,3.3889440295580577,0.0233120005925261,0.01667640061626782,3.37226762894179,3.4056204301743254
static_equal,burst,urllc_rtt_p99_ms,10,3.5137166409373455,0.039585785054932106,0.028317964718015703,3.48539867621933,3.542034605655361
static_equal,burst,sla_violation_rate,10,0.0,0.0,0.0,0.0,0.0
static_equal,burst,embb_goodput_mbps,10,2.645309179504932,0.009037016418446822,0.006464692104465949,2.638844487400466,2.651773871609398
static_equal,burst,be_goodput_mbps,10,3.7474470758193954,0.0341053633672657,0.024397507216015264,3.72304956860338,3.771844583035411
static_equal,burst,total_drops,10,84874.2,2154.3766719040673,1541.1482303467508,83333.05176965325,86415.34823034675
static_equal,burst,guardrail_intervention_rate,10,0.0,0.0,0.0,0.0,0.0
static_equal,burst,decision_latency_mean_ms,10,0.02318711111213482,0.0011606126641793167,0.0008302522844982002,0.02235685882763662,0.024017363396633018
static_equal,burst,decision_latency_p99_ms,10,0.049281900003293785,0.011346095384499474,0.00811650768930413,0.041165392313989656,0.057398407692597915
static_equal,burst,mean_reward,10,0.18834499689174164,0.005121138678282684,0.0036634419200335176,0.18468155497170813,0.19200843881177515
static_equal,burst,link_util_mean,10,0.9392738998449552,0.0036405440501086537,0.002604288327799987,0.9366696115171552,0.9418781881727553
static_equal,ramp,urllc_rtt_p50_ms,10,2.0,0.0,0.0,2.0,2.0
static_equal,ramp,urllc_rtt_p95_ms,10,2.5597041178249365,0.029834923743516633,0.021342618739560122,2.5383614990853762,2.5810467365644967
static_equal,ramp,urllc_rtt_p99_ms,10,2.643858085657456,0.02364852379536755,0.016917134813445766,2.6269409508440105,2.6607752204709016
static_equal,ramp,sla_violation_rate,10,0.0,0.0,0.0,0.0,0.0
static_equal,ramp,embb_goodput_mbps,10,2.9034553794431264,0.005864024099686996,0.004194870136593151,2.8992605093065333,2.9076502495797194
static_equal,ramp,be_goodput_mbps,10,3.4488766016727213,0.03602051554855774,0.025767524554921158,3.4231090771178,3.4746441262276426
static_equal,ramp,total_drops,10,51067.5,533.4752415373495,381.6251982075407,50685.87480179246,51449.12519820754
static_equal,ramp,guardrail_intervention_rate,10,0.0,0.0,0.0,0.0,0.0
static_equal,ramp,decision_latency_mean_ms,10,0.022492111110802616,0.001458471514116335,0.0010433276698103909,0.021448783440992224,0.023535438780613007
static_equal,ramp,decision_latency_p99_ms,10,0.04420310000460145,0.009398901644717303,0.006723569200253691,0.037479530804347766,0.05092666920485514
static_equal,ramp,mean_reward,10,0.2803285026611609,0.0014872561899823944,0.0010639189864778125,0.2792645836746831,0.28139242164763867
static_equal,ramp,link_util_mean,10,0.8852219861913742,0.0035679004399122886,0.0025523222195700922,0.882669663971804,0.8877743084109443
static_equal,sawtooth,urllc_rtt_p50_ms,10,2.0,0.0,0.0,2.0,2.0
static_equal,sawtooth,urllc_rtt_p95_ms,10,3.329345141800084,0.03927805832485656,0.02809783027649895,3.301247311523585,3.357442972076583
static_equal,sawtooth,urllc_rtt_p99_ms,10,3.542265088080891,0.04374525167868433,0.03129346789254486,3.510971620188346,3.573558555973436
static_equal,sawtooth,sla_violation_rate,10,0.0,0.0,0.0,0.0,0.0
static_equal,sawtooth,embb_goodput_mbps,10,3.0005581458478874,0.015233011277452973,0.01089703981632425,2.989661106031563,3.0114551856642118
static_equal,sawtooth,be_goodput_mbps,10,3.4768025878587365,0.03519681131333662,0.02517828204176389,3.4516243058169724,3.5019808699005006
static_equal,sawtooth,total_drops,10,38322.7,1133.173523046375,810.6235053943617,37512.07649460564,39133.32350539436
static_equal,sawtooth,guardrail_intervention_rate,10,0.0,0.0,0.0,0.0,0.0
static_equal,sawtooth,decision_latency_mean_ms,10,0.022029962962889414,0.000907080103046869,0.0006488860159991929,0.02138107694689022,0.022678848978888607
static_equal,sawtooth,decision_latency_p99_ms,10,0.04551359998670355,0.008286071553749417,0.00592749850948818,0.03958610147721537,0.051441098496191724
static_equal,sawtooth,mean_reward,10,0.3191983366649952,0.002607822167445208,0.0018655235970714105,0.31733281306792377,0.3210638602620666
static_equal,sawtooth,link_util_mean,10,0.8700214237801959,0.0034524479302487786,0.0024697324694686147,0.8675516913107273,0.8724911562496644
static_safe,adversarial,urllc_rtt_p50_ms,10,2.0,0.0,0.0,2.0,2.0
static_safe,adversarial,urllc_rtt_p95_ms,10,2.790303932350617,0.347634008203651,0.24868238852488897,2.541621543825728,3.0389863208755057
static_safe,adversarial,urllc_rtt_p99_ms,10,3.652401534308223,0.2659741545537732,0.19026644827445174,3.462135086033771,3.8426679825826744
static_safe,adversarial,sla_violation_rate,10,0.0,0.0,0.0,0.0,0.0
static_safe,adversarial,embb_goodput_mbps,10,2.0,0.0,0.0,2.0,2.0
static_safe,adversarial,be_goodput_mbps,10,3.4429091972048864,0.03856488676740098,0.027587658077718645,3.415321539127168,3.470496855282605
static_safe,adversarial,total_drops,10,158460.1,1689.9018018808076,1208.8829244175754,157251.21707558242,159668.9829244176
static_safe,adversarial,guardrail_intervention_rate,10,0.0,0.0,0.0,0.0,0.0
static_safe,adversarial,decision_latency_mean_ms,10,0.021109777779125483,0.000986491759204322,0.0007056936926473983,0.020404084086478085,0.02181547147177288
static_safe,adversarial,decision_latency_p99_ms,10,0.04046090000993448,0.005237207368886889,0.0037464724594262594,0.036714427550508216,0.04420737246936074
static_safe,adversarial,mean_reward,10,-0.04884627963940892,0.003880019925496409,0.0027755990490762206,-0.05162187868848514,-0.0460706805903327
static_safe,adversarial,link_util_mean,10,0.7182708629631482,0.0038185204811245496,0.002731604996830365,0.7155392579663179,0.7210024679599786
static_safe,burst,urllc_rtt_p50_ms,10,2.0,0.0,0.0,2.0,2.0
static_safe,burst,urllc_rtt_p95_ms,10,2.0,0.0,0.0,2.0,2.0
static_safe,burst,urllc_rtt_p99_ms,10,2.0,0.0,0.0,2.0,2.0
static_safe,burst,sla_violation_rate,10,0.0,0.0,0.0,0.0,0.0
static_safe,burst,embb_goodput_mbps,10,1.9774805193551366,0.0026733730705982743,0.0019124158883357296,1.975568103466801,1.9793929352434723
static_safe,burst,be_goodput_mbps,10,3.8517660843599026,0.04147814780816047,0.02967167948217272,3.82209440487773,3.8814377638420754
static_safe,burst,total_drops,10,97573.4,1854.1223859881047,1326.3592533641695,96247.04074663583,98899.75925336416
static_safe,burst,guardrail_intervention_rate,10,0.0,0.0,0.0,0.0,0.0
static_safe,burst,decision_latency_mean_ms,10,0.020501111111674315,0.0006277873562301461,0.00044909202077139714,0.020052019090902918,0.02095020313244571
static_safe,burst,decision_latency_p99_ms,10,0.04006420000367678,0.0036922792025614235,0.002641297426389435,0.03742290257728735,0.042705497430066214
static_safe,burst,mean_reward,10,0.09647125668853299,0.003720969399271665,0.0026618211567402705,0.09380943553179272,0.09913307784527325
static_safe,burst,link_util_mean,10,0.8829234905271601,0.004247917687645144,0.003038777253926974,0.8798847132732331,0.8859622677810871
static_safe,ramp,urllc_rtt_p50_ms,10,2.0,0.0,0.0,2.0,2.0
static_safe,ramp,urllc_rtt_p95_ms,10,2.0,0.0,0.0,2.0,2.0
static_safe,ramp,urllc_rtt_p99_ms,10,2.0,0.0,0.0,2.0,2.0
static_safe,ramp,sla_violation_rate,10,0.0,0.0,0.0,0.0,0.0
static_safe,ramp,embb_goodput_mbps,10,1.8456984637574805,0.0028865798943084144,0.0020649348620806166,1.8436335288953998,1.8477633986195612
static_safe,ramp,be_goodput_mbps,10,3.462369056403932,0.039215801208917614,0.028053294218665106,3.4343157621852667,3.4904223506225973
static_safe,ramp,total_drops,10,74564.0,538.1957512528937,385.00204743234036,74178.99795256766,74949.00204743234
static_safe,ramp,guardrail_intervention_rate,10,0.0,0.0,0.0,0.0,0.0
static_safe,ramp,decision_latency_mean_ms,10,0.020824296295358518,0.0006357804674325293,0.00045480994807035473,0.020369486347288163,0.021279106243428873
static_safe,ramp,decision_latency_p99_ms,10,0.041210899974501516,0.004385165868103301,0.0031369586876520508,0.03807394128684947,0.044347858662153565
static_safe,ramp,mean_reward,10,0.12274314029008826,0.0017330641508794663,0.0012397594088524447,0.12150338088123581,0.1239828996989407
static_safe,ramp,link_util_mean,10,0.7807954741183073,0.004080665888384861,0.002919132524287155,0.7778763415940202,0.7837146066425944
static_safe,sawtooth,urllc_rtt_p50_ms,10,2.0,0.0,0.0,2.0,2.0
static_safe,sawtooth,urllc_rtt_p95_ms,10,2.0,0.0,0.0,2.0,2.0
static_safe,sawtooth,urllc_rtt_p99_ms,10,2.0,0.0,0.0,2.0,2.0
static_safe,sawtooth,sla_violation_rate,10,0.0,0.0,0.0,0.0,0.0
static_safe,sawtooth,embb_goodput_mbps,10,1.9953186789657287,0.0023796921132825783,0.0017023291873626797,1.993616349778366,1.9970210081530912
static_safe,sawtooth,be_goodput_mbps,10,3.496683995525815,0.04129239738722628,0.029538801635767206,3.467145193890048,3.5262227971615823
static_safe,sawtooth,total_drops,10,60475.9,1105.6244540228538,790.9160886148363,59684.98391138516,61266.81608861484
static_safe,sawtooth,guardrail_intervention_rate,10,0.0,0.0,0.0,0.0,0.0
static_safe,sawtooth,decision_latency_mean_ms,10,0.020771481481296268,0.0006946695155741501,0.000496936635345543,0.020274544845950725,0.02126841811664181
static_safe,sawtooth,decision_latency_p99_ms,10,0.04600280000263088,0.01429295163556149,0.010224561659456252,0.035778238343174625,0.05622736166208713
static_safe,sawtooth,mean_reward,10,0.17004149887345846,0.0022800197326597513,0.001631027861547842,0.16841047101191062,0.1716725267350063
static_safe,sawtooth,link_util_mean,10,0.771485617858688,0.004119836113143467,0.0029471532150773393,0.7685384646436106,0.7744327710737653
threshold,adversarial,urllc_rtt_p50_ms,10,2.7452830774511936,0.01605735105883393,0.011486736971816033,2.7337963404793775,2.7567698144230097
threshold,adversarial,urllc_rtt_p95_ms,10,4.221717201177231,0.3254818471416404,0.23283568712661373,3.9888815140506173,4.454552888303845
threshold,adversarial,urllc_rtt_p99_ms,10,13.072813667406558,0.5187743945067534,0.3711088457603256,12.701704821646233,13.443922513166884
threshold,adversarial,sla_violation_rate,10,0.03,0.0011712139482105105,0.0008378359862422587,0.02916216401375774,0.03083783598624226
threshold,adversarial,embb_goodput_mbps,10,4.936400236811782,0.026975964248773236,0.019297442321054497,4.917102794490727,4.955697679132836
threshold,adversarial,be_goodput_mbps,10,3.114949163323719,0.02598323192732099,0.018587284399105796,3.0963618789246135,3.133536447722825
threshold,adversarial,total_drops,10,99783.7,2169.597712326719,1552.0367067294221,98231.66329327057,101335.73670672943
threshold,adversarial,guardrail_intervention_rate,10,0.029629629629629627,3.657118196434064e-18,2.6161447578347304e-18,0.029629629629629624,0.02962962962962963
threshold,adversarial,decision_latency_mean_ms,10,0.03858485185270301,0.0012299528118033473,0.0008798552379633015,0.03770499661473971,0.03946470709066631
threshold,adversarial,decision_latency_p99_ms,10,0.07574960001682028,0.01775968378350991,0.012704512442702947,0.06304508757411734,0.08845411245952323
threshold,adversarial,mean_reward,10,0.2560692393659424,0.014197355078658375,0.010156176002286901,0.24591306336365548,0.2662254153682293
threshold,adversarial,link_util_mean,10,0.9791148693322402,0.0026033155116897116,0.0018622997297538042,0.9772525696024864,0.9809771690619941
threshold,burst,urllc_rtt_p50_ms,10,2.0,0.0,0.0,2.0,2.0
threshold,burst,urllc_rtt_p95_ms,10,5.279527240802338,0.026028708400689497,0.018619816308389953,5.260907424493948,5.298147057110728
threshold,burst,urllc_rtt_p99_ms,10,8.46250082098306,0.2356207594612489,0.16855293747482192,8.293947883508238,8.631053758457881
threshold,burst,sla_violation_rate,10,0.015555555555555555,0.001561618597614014,0.0011171146483230116,0.014438440907232543,0.016672670203878567
threshold,burst,embb_goodput_mbps,10,2.7531043068543797,0.022234156668874676,0.015905357521906204,2.7371989493324733,2.769009664376286
threshold,burst,be_goodput_mbps,10,3.6216196965043315,0.03956062341894768,0.028299965167948273,3.593319731336383,3.6499196616722798
threshold,burst,total_drops,10,85268.9,1948.036073702036,1393.5410584371623,83875.35894156284,86662.44105843715
threshold,burst,guardrail_intervention_rate,10,0.043333333333333335,0.008198497637473575,0.005864851903695812,0.037468481429637525,0.049198185237029145
threshold,burst,decision_latency_mean_ms,10,0.034750666667570096,0.0010030625536880883,0.0007175477249190741,0.03403311894265102,0.03546821439248917
threshold,burst,decision_latency_p99_ms,10,0.07326619998978853,0.017525858137609745,0.012537243652111079,0.060728956337677456,0.08580344364189961
threshold,burst,mean_reward,10,0.14585263658955197,0.00521758137800805,0.003732432871314218,0.14212020371823775,0.1495850694608662
threshold,burst,link_util_mean,10,0.9374686016314422,0.004169777123191606,0.002982878861507308,0.9344857227699349,0.9404514804929495
threshold,ramp,urllc_rtt_p50_ms,10,2.945108095539736,0.194640684509522,0.13923755785018427,2.8058705376895516,3.0843456533899203
threshold,ramp,urllc_rtt_p95_ms,10,4.222855375254168,0.02852638107983189,0.020406543708312862,4.202448831545856,4.243261918962481
threshold,ramp,urllc_rtt_p99_ms,10,5.364783199239783,0.3900953229516634,0.27905738326722423,5.085725815972559,5.643840582507007
threshold,ramp,sla_violation_rate,10,0.0,0.0,0.0,0.0,0.0
threshold,ramp,embb_goodput_mbps,10,3.3718374564208062,0.015561688231436478,0.01113216114519556,3.3607052952756105,3.382969617566002
threshold,ramp,be_goodput_mbps,10,3.350011534220053,0.030887599486976537,0.022095657602410574,3.3279158766176424,3.3721071918224634
threshold,ramp,total_drops,10,42753.1,616.4865412606796,441.0079047396929,42312.092095260305,43194.10790473969
threshold,ramp,guardrail_intervention_rate,10,0.03222222222222222,0.008738438700832785,0.006251102472196511,0.02597111975002571,0.038473324694418734
threshold,ramp,decision_latency_mean_ms,10,0.03876803703744991,0.0022001251179306317,0.0015738746971500884,0.03719416234029982,0.0403419117346
threshold,ramp,decision_latency_p99_ms,10,0.1098957999950017,0.029337923721763682,0.02098708634172279,0.0889087136532789,0.13088288633672449
threshold,ramp,mean_reward,10,0.3403241991521327,0.0015759377029072154,0.0011273579191820773,0.33919684123295063,0.34145155707131475
threshold,ramp,link_util_mean,10,0.9221736417843571,0.002315125244122684,0.0016561408316111037,0.920517500952746,0.9238297826159683
threshold,sawtooth,urllc_rtt_p50_ms,10,2.0641461844075266,0.14603658617973483,0.10446828045063468,1.959677903956892,2.168614464858161
threshold,sawtooth,urllc_rtt_p95_ms,10,5.323383004491609,0.04414674691614598,0.031580680283384475,5.291802324208224,5.354963684774993
threshold,sawtooth,urllc_rtt_p99_ms,10,6.716290618194835,0.7946783370661437,0.5684786364595957,6.147811981735239,7.284769254654431
threshold,sawtooth,sla_violation_rate,10,0.00962962962962963,0.003123237195228029,0.002234229296646024,0.007395400332983606,0.011863858926275655
threshold,sawtooth,embb_goodput_mbps,10,3.537910422043147,0.030289928738097424,0.021668109704692677,3.5162423123384547,3.5595785317478397
threshold,sawtooth,be_goodput_mbps,10,3.353131004202756,0.03162726095609921,0.02262477954244096,3.330506224660315,3.3757557837451966
threshold,sawtooth,total_drops,10,29015.2,1239.398312802538,886.6121423335923,28128.587857666407,29901.812142333594
threshold,sawtooth,guardrail_intervention_rate,10,0.09481481481481482,0.013989348616508933,0.010007377143098095,0.08480743767171672,0.10482219195791292
threshold,sawtooth,decision_latency_mean_ms,10,0.039855666667542686,0.0012059392974674659,0.0008626770046460788,0.038992989662896604,0.04071834367218877
threshold,sawtooth,decision_latency_p99_ms,10,0.11516640001075729,0.00780642366073989,0.0055843790767810585,0.10958202093397623,0.12075077908753834
threshold,sawtooth,mean_reward,10,0.3561635751721371,0.01084185730622089,0.007755797497745255,0.34840777767439185,0.36391937266988234
threshold,sawtooth,link_util_mean,10,0.9113894930341239,0.004614334235418119,0.003300895861844778,0.9080885971722791,0.9146903888959687
